id,case_id,prompt_id,repeat,content,value,available,finish_reason,input_tokens,output_tokens,reasoning_tokens,reasoning_observed,cache_n,wall_seconds,observation_wall_seconds,prefill_ms,generation_ms,request_sha256,reasoning_sha256
a-q01-binary_a-r1,q01,binary_a,1,0,0,True,stop,331,515,,True,0,8.480796438176185,8.900868395110592,174.27,8192.2,9ddb831f7a98e91e1d6e7c2fd45348b34f87d7af7bfc08b5f48d0f272fde246b,0927cc2310f6aa3f39940e3a78a1fbbf4b76d9b50b541bcf47a9782d48221feb
a-q01-binary_a-r2,q01,binary_a,2,0,0,True,stop,331,515,,True,0,8.546491676941514,8.73032645182684,166.982,8255.853,9ddb831f7a98e91e1d6e7c2fd45348b34f87d7af7bfc08b5f48d0f272fde246b,0927cc2310f6aa3f39940e3a78a1fbbf4b76d9b50b541bcf47a9782d48221feb
a-q01-binary_b-r1,q01,binary_b,1,1,1,True,stop,329,660,,True,0,10.851005563978106,11.058825776912272,171.255,10586.642,3a703fd0300290cd5339b1c94471fe0d1e13a4c8c0558ecffc1bfa436046ed7a,d2997189d751b6b0ed15ed6ea3b1be4683c5df1954bb7cb7b5c30c38f460badb
a-q01-binary_b-r2,q01,binary_b,2,1,1,True,stop,329,660,,True,0,10.923362059053034,11.144232603954151,162.669,10608.492,3a703fd0300290cd5339b1c94471fe0d1e13a4c8c0558ecffc1bfa436046ed7a,d2997189d751b6b0ed15ed6ea3b1be4683c5df1954bb7cb7b5c30c38f460badb
a-q01-ternary_a-r1,q01,ternary_a,1,0,0,True,stop,334,529,,True,0,8.777701349928975,8.996270810021088,174.235,8510.498,9e6bfa6f0dfaa9297f06f974faa4e09e7573966a0398c3755ee56ed3f2f7d587,7f0ce8de97fddcc92713dc92320b46217291e7af28bdeef250e5b983f918a951
a-q01-ternary_a-r2,q01,ternary_a,2,0,0,True,stop,334,529,,True,0,8.868089771131054,9.070454992121086,164.192,8555.507,9e6bfa6f0dfaa9297f06f974faa4e09e7573966a0398c3755ee56ed3f2f7d587,7f0ce8de97fddcc92713dc92320b46217291e7af28bdeef250e5b983f918a951
a-q01-ternary_b-r1,q01,ternary_b,1,2,2,True,stop,338,628,,True,0,10.476764881052077,10.688108644913882,174.149,10204.498,47cb96bc1cae393f9002ee793029e829d36913802382f8a6ec85cdf28cb0f8ae,64ffd1c63fea97de1ec1a29eec1a8f209c441057fedc9d79e0f5a84b100171dd
a-q01-ternary_b-r2,q01,ternary_b,2,2,2,True,stop,338,628,,True,0,10.55041341879405,10.750427924096584,165.883,10231.554,47cb96bc1cae393f9002ee793029e829d36913802382f8a6ec85cdf28cb0f8ae,64ffd1c63fea97de1ec1a29eec1a8f209c441057fedc9d79e0f5a84b100171dd
a-q02-binary_a-r1,q02,binary_a,1,0,0,True,stop,295,436,,True,0,7.3527966199908406,7.556085616815835,161.699,7090.029,4f897178a0a570c729d71e68f00a4776b0fcc8f9d881c86a8b1b65c68c58be57,76ca47c1de8d473f0b2d790d4a920ca75fb89cc1765e6de1b276ee28eeb3ebd5
a-q02-binary_a-r2,q02,binary_a,2,0,0,True,stop,295,436,,True,0,7.361270528053865,7.560934338951483,156.465,7086.821,4f897178a0a570c729d71e68f00a4776b0fcc8f9d881c86a8b1b65c68c58be57,76ca47c1de8d473f0b2d790d4a920ca75fb89cc1765e6de1b276ee28eeb3ebd5
a-q02-binary_b-r1,q02,binary_b,1,0,0,True,stop,293,477,,True,0,8.02806749008596,8.23220911482349,163.673,7770.208,75a45759bbfcf6820dd45c7669409f341cb6eaef2bb3d29a520dfdc30dd6b0b5,215bcbaecbf1662a200d7c3404a63b5c50d6867dd2998d3eac98d29dc97f1e48
a-q02-binary_b-r2,q02,binary_b,2,0,0,True,stop,293,477,,True,0,8.046226846985519,8.240745157934725,155.528,7777.45,75a45759bbfcf6820dd45c7669409f341cb6eaef2bb3d29a520dfdc30dd6b0b5,215bcbaecbf1662a200d7c3404a63b5c50d6867dd2998d3eac98d29dc97f1e48
a-q02-ternary_a-r1,q02,ternary_a,1,0,0,True,stop,298,408,,True,0,6.929971428820863,7.134564339881763,162.817,6655.807,8eb63e9ae8f3d55986d5d289e09638eea172afa541c98df68b01468684b222db,35c4dbda5c446a58b3583db8dad539f5ed3a6003cfe5784c8df031fc76475eae
a-q02-ternary_a-r2,q02,ternary_a,2,0,0,True,stop,298,408,,True,0,6.939037254080176,7.165726447943598,158.396,6658.862,8eb63e9ae8f3d55986d5d289e09638eea172afa541c98df68b01468684b222db,35c4dbda5c446a58b3583db8dad539f5ed3a6003cfe5784c8df031fc76475eae
a-q02-ternary_b-r1,q02,ternary_b,1,0,0,True,stop,302,545,,True,0,9.207186746178195,9.414327847072855,161.608,8947.719,90a907dc16df0692e05e808dfe8210335071e9f3a2cc4e4740ad93388927230c,57d766d245371c39308e842aed556407fd837f12851b4f48fad381213a38b1a2
a-q02-ternary_b-r2,q02,ternary_b,2,0,0,True,stop,302,545,,True,0,9.26880456507206,9.50009258906357,154.715,8969.059,90a907dc16df0692e05e808dfe8210335071e9f3a2cc4e4740ad93388927230c,57d766d245371c39308e842aed556407fd837f12851b4f48fad381213a38b1a2
a-q03-binary_a-r1,q03,binary_a,1,1,1,True,stop,223,413,,True,0,7.029702903004363,7.221627990948036,141.697,6795.153,8218baea6365ff9e8894f0b2d6be2fcd2bc30b43ae739da0a2f1d5f68f75c5c3,6f8003d351e21f9eaa9c35b9f64c7713412d3d4b3184d1e2268203a3a4e86718
a-q03-binary_a-r2,q03,binary_a,2,1,1,True,stop,223,413,,True,0,7.05992202879861,7.25150990486145,136.837,6805.796,8218baea6365ff9e8894f0b2d6be2fcd2bc30b43ae739da0a2f1d5f68f75c5c3,6f8003d351e21f9eaa9c35b9f64c7713412d3d4b3184d1e2268203a3a4e86718
a-q03-binary_b-r1,q03,binary_b,1,1,1,True,stop,221,548,,True,0,9.297409160993993,9.503500285092741,138.028,9066.536,2cd6541ad4c03bc8424a9978a569990858caa2de0007024ae5b1fd372aa56556,db40c33c2a087ad0335268116f542ebf75aaa8c0ee5b661e75b53c0df342749c
a-q03-binary_b-r2,q03,binary_b,2,1,1,True,stop,221,548,,True,0,9.360446004895493,9.56303376914002,130.501,9081.039,2cd6541ad4c03bc8424a9978a569990858caa2de0007024ae5b1fd372aa56556,db40c33c2a087ad0335268116f542ebf75aaa8c0ee5b661e75b53c0df342749c
a-q03-ternary_a-r1,q03,ternary_a,1,2,2,True,stop,226,491,,True,0,8.377980747027323,8.576714063994586,138.901,8146.521,4fcefcd6cd0cd178860287cf6c9d56e890980841d7a26ce14b8aa8ee4b942058,0b0b058a13da0eaffc4a1b51697d32bf36a04b3ae3ea721d859fc99f3534befb
a-q03-ternary_a-r2,q03,ternary_a,2,2,2,True,stop,226,491,,True,0,8.409325439948589,8.611943023046479,136.272,8166.825,4fcefcd6cd0cd178860287cf6c9d56e890980841d7a26ce14b8aa8ee4b942058,0b0b058a13da0eaffc4a1b51697d32bf36a04b3ae3ea721d859fc99f3534befb
a-q03-ternary_b-r1,q03,ternary_b,1,2,2,True,stop,230,580,,True,0,9.923337537096813,10.133472540881485,142.483,9689.797,a043c985330ce14f2be9408c86cad62925f5e1c880455328af840fa756603c67,1c3b907a51a358443498946eb848c51c0e1c85b269d98ba99a3cf100933fcb81
a-q03-ternary_b-r2,q03,ternary_b,2,2,2,True,stop,230,580,,True,0,9.946757749887183,10.177438037004322,138.72,9696.581,a043c985330ce14f2be9408c86cad62925f5e1c880455328af840fa756603c67,1c3b907a51a358443498946eb848c51c0e1c85b269d98ba99a3cf100933fcb81
a-q04-binary_a-r1,q04,binary_a,1,1,1,True,stop,229,433,,True,0,7.465911102015525,7.681016454938799,141.495,7233.328,8c5c673d791fa0ca4fcd0592e33ef8ce9ceac17513e19ff9d639a0110e1b2d11,18927dfd589db96c0f1397a7792ec1537f3574b7d8256b6250fdc89e4bc7928e
a-q04-binary_a-r2,q04,binary_a,2,1,1,True,stop,229,433,,True,0,7.505722892936319,7.712616560049355,136.417,7240.68,8c5c673d791fa0ca4fcd0592e33ef8ce9ceac17513e19ff9d639a0110e1b2d11,18927dfd589db96c0f1397a7792ec1537f3574b7d8256b6250fdc89e4bc7928e
a-q04-binary_b-r1,q04,binary_b,1,1,1,True,stop,227,398,,True,0,6.908079195069149,7.090198467951268,141.938,6665.215,0bd50407aec4830513d116251988e13520c054befc2842fb2257e40bce2789f9,23679b8c256b70a5d382924fef4ee231ee72b78638c3e9d28e44c9f0c9f1b7d6
a-q04-binary_b-r2,q04,binary_b,2,1,1,True,stop,227,398,,True,0,6.9182707408908755,7.117973255226389,137.585,6669.181,0bd50407aec4830513d116251988e13520c054befc2842fb2257e40bce2789f9,23679b8c256b70a5d382924fef4ee231ee72b78638c3e9d28e44c9f0c9f1b7d6
a-q04-ternary_a-r1,q04,ternary_a,1,2,2,True,stop,232,603,,True,0,10.38542138878256,10.592880269046873,143.576,10143.257,114559d8916f81b451470120b2d25d94258c99fecb97ff7fc32ea2b14581bd9d,633bd173f36e564b8c0dcae7759f10d603e9e359eff0ccf28ba7b72dd9db6830
a-q04-ternary_a-r2,q04,ternary_a,2,2,2,True,stop,232,603,,True,0,10.438521737931296,10.642486180877313,133.846,10157.589,114559d8916f81b451470120b2d25d94258c99fecb97ff7fc32ea2b14581bd9d,633bd173f36e564b8c0dcae7759f10d603e9e359eff0ccf28ba7b72dd9db6830
a-q04-ternary_b-r1,q04,ternary_b,1,2,2,True,stop,236,626,,True,0,10.817073308862746,11.032268445007503,144.975,10563.887,264a88fee2f653fa03c6e3647937c7e90a4362707f416b2d679b72d363ec3cd8,2cecd3097d7bfaaf65df33ea61055a1f3b4b73225fa64895c1e2f9f99c006481
a-q04-ternary_b-r2,q04,ternary_b,2,2,2,True,stop,236,626,,True,0,10.877148886909708,11.090146449161693,137.958,10575.977,264a88fee2f653fa03c6e3647937c7e90a4362707f416b2d679b72d363ec3cd8,2cecd3097d7bfaaf65df33ea61055a1f3b4b73225fa64895c1e2f9f99c006481
a-q05-binary_a-r1,q05,binary_a,1,0,0,True,stop,322,513,,True,0,8.969422586960718,9.149630225030705,178.037,8692.993,c76cafeaf7abefd40186cf6173789310f086524389bc4ab585e6f71ace66b2aa,8296d9577f1c135f7abd17bf46912078e0b622a26af684f570fd2bc1ace9a6dc
a-q05-binary_a-r2,q05,binary_a,2,0,0,True,stop,322,513,,True,0,8.949785440927371,9.167571447091177,170.996,8643.856,c76cafeaf7abefd40186cf6173789310f086524389bc4ab585e6f71ace66b2aa,8296d9577f1c135f7abd17bf46912078e0b622a26af684f570fd2bc1ace9a6dc
a-q05-binary_b-r1,q05,binary_b,1,0,0,True,stop,320,464,,True,0,8.073807539884001,8.264661874156445,172.432,7810.393,263a29ca45df46fd2299ba8f01ee4756dcc03d423e4cc3d953ac666da44b6d5b,026f08f3716d65241875c31692163481af39a3164a9eac15227dd1365f370ca7
a-q05-binary_b-r2,q05,binary_b,2,0,0,True,stop,320,464,,True,0,8.10225218697451,8.305260902037844,171.595,7816.555,263a29ca45df46fd2299ba8f01ee4756dcc03d423e4cc3d953ac666da44b6d5b,026f08f3716d65241875c31692163481af39a3164a9eac15227dd1365f370ca7
a-q05-ternary_a-r1,q05,ternary_a,1,0,0,True,stop,325,579,,True,0,10.050977984908968,10.259495696052909,176.726,9783.309,71de3926577f0872fd832986a4c33f7534858d17118096b12b1f16ec4fa5186a,334ca2be180bc242b169f406262e79e22e0bc712e47e0cca83243fce4c410dee
a-q05-ternary_a-r2,q05,ternary_a,2,0,0,True,stop,325,579,,True,0,10.082195077091455,10.288843403104693,170.147,9798.719,71de3926577f0872fd832986a4c33f7534858d17118096b12b1f16ec4fa5186a,334ca2be180bc242b169f406262e79e22e0bc712e47e0cca83243fce4c410dee
a-q05-ternary_b-r1,q05,ternary_b,1,0,0,True,stop,329,622,,True,0,10.802843546960503,11.023309902986512,174.854,10538.299,5e913628913d898b2842fcad0464cceeef2d56595d7801ab5ce9707992f79135,ffa3dd7ad6e3aab953caf844c21fbccd70c6e4d018fdfc02637e739714616471
a-q05-ternary_b-r2,q05,ternary_b,2,0,0,True,stop,329,622,,True,0,10.849452523048967,11.06791146309115,172.489,10555.142,5e913628913d898b2842fcad0464cceeef2d56595d7801ab5ce9707992f79135,ffa3dd7ad6e3aab953caf844c21fbccd70c6e4d018fdfc02637e739714616471
a-q06-binary_a-r1,q06,binary_a,1,0,0,True,stop,301,928,,True,0,16.063902471913025,16.27493507019244,164.416,15804.058,719b56dfeb2cc8907038707a5368aa318d6eeba8a07b118a5387beb9d76ff95a,8ab561d81540444d181f1d1a4fe662ef5342047a91aa6e471150883670a71145
a-q06-binary_a-r2,q06,binary_a,2,0,0,True,stop,301,928,,True,0,16.100192765006796,16.304447684902698,164.779,15820.857,719b56dfeb2cc8907038707a5368aa318d6eeba8a07b118a5387beb9d76ff95a,8ab561d81540444d181f1d1a4fe662ef5342047a91aa6e471150883670a71145
a-q06-binary_b-r1,q06,binary_b,1,0,0,True,stop,299,374,,True,0,6.595237531932071,6.810124967014417,168.976,6338.127,bf37ae10adb38c1d7b895bdce44e704c5c7bd4495a511e925da27c355236e7cd,6f3ca0dc4381bc6a372bc1e44e84d3274251f009bc5adac0ef53929b3c80482a
a-q06-binary_b-r2,q06,binary_b,2,0,0,True,stop,299,374,,True,0,6.617394553031772,6.814928394043818,164.364,6338.298,bf37ae10adb38c1d7b895bdce44e704c5c7bd4495a511e925da27c355236e7cd,6f3ca0dc4381bc6a372bc1e44e84d3274251f009bc5adac0ef53929b3c80482a
a-q06-ternary_a-r1,q06,ternary_a,1,0,0,True,stop,304,387,,True,0,6.82393618603237,7.032233281061053,169.423,6563.801,524b75342df68dea6f5f2c3f69edb775de91afd595e25c7ffcecb658c378e42d,0db875e86d94ab74a252730dcba34fd265c3b91f9135fb3f533d35f09cb86941
a-q06-ternary_a-r2,q06,ternary_a,2,0,0,True,stop,304,387,,True,0,6.853550044121221,7.064005638007075,165.133,6568.078,524b75342df68dea6f5f2c3f69edb775de91afd595e25c7ffcecb658c378e42d,0db875e86d94ab74a252730dcba34fd265c3b91f9135fb3f533d35f09cb86941
a-q06-ternary_b-r1,q06,ternary_b,1,0,0,True,stop,308,403,,True,0,7.104552306002006,7.324534432962537,170.731,6840.792,af3738b3240c12fa6e087d9cfd6a3e831eda64b6340f36d9bbf8c8e3040a00a1,ec5908a8101ecf311eb247340da941531f6db8fcc7a419dafc2d8766487dd705
a-q06-ternary_b-r2,q06,ternary_b,2,0,0,True,stop,308,403,,True,0,7.120306527940556,7.359762479085475,165.629,6843.166,af3738b3240c12fa6e087d9cfd6a3e831eda64b6340f36d9bbf8c8e3040a00a1,ec5908a8101ecf311eb247340da941531f6db8fcc7a419dafc2d8766487dd705
a-q07-binary_a-r1,q07,binary_a,1,1,1,True,stop,232,586,,True,0,10.20824943878688,10.395656045060605,142.737,9969.557,917080064a5a17231651c51351c6c47f1f7c7c7e1b9f41358adf1ead19c63ab3,3fac90097ea92f3d630e718ed386302cc594a46f26698766cd99b56fd146b17e
a-q07-binary_a-r2,q07,binary_a,2,1,1,True,stop,232,586,,True,0,10.219107424840331,10.42771139391698,140.387,9969.799,917080064a5a17231651c51351c6c47f1f7c7c7e1b9f41358adf1ead19c63ab3,3fac90097ea92f3d630e718ed386302cc594a46f26698766cd99b56fd146b17e
a-q07-binary_b-r1,q07,binary_b,1,1,1,True,stop,230,803,,True,0,13.962359108030796,14.161111328052357,140.334,13711.016,6bad8787e3e894d182cf05aaa87bf64bb2f5e339fabb2d7ce9a204e67b41fec5,9d10c2d1cf9b3cf9d3d1c6773094b6ea8b61b6122daa648308691340be19643c
a-q07-binary_b-r2,q07,binary_b,2,1,1,True,stop,230,803,,True,0,13.966275535989553,14.167188171995804,137.869,13707.28,6bad8787e3e894d182cf05aaa87bf64bb2f5e339fabb2d7ce9a204e67b41fec5,9d10c2d1cf9b3cf9d3d1c6773094b6ea8b61b6122daa648308691340be19643c
a-q07-ternary_a-r1,q07,ternary_a,1,2,2,True,stop,235,580,,True,0,10.122771562077105,10.319987764116377,146.057,9887.429,ff0eda72336d51b68a3ddf0c325244f8f00a20de8310a5ff4ad1936853d0c29e,ce8b6b4fb50d5fd64077079af897fa0fcf0d5e6b1ae51e99b7566d449aa04425
a-q07-ternary_a-r2,q07,ternary_a,2,2,2,True,stop,235,580,,True,0,10.156709650997072,10.361997907049954,138.897,9901.685,ff0eda72336d51b68a3ddf0c325244f8f00a20de8310a5ff4ad1936853d0c29e,ce8b6b4fb50d5fd64077079af897fa0fcf0d5e6b1ae51e99b7566d449aa04425
a-q07-ternary_b-r1,q07,ternary_b,1,2,2,True,stop,239,676,,True,0,11.782115581911057,11.994783875066787,143.209,11542.019,65e355655f415f434faf71fa0bc5d95f571f20ca5ac3a539865dce549c8cce70,dd22842fa9cf2fafb7e334284896daaa010e7780300fdd100727f0a2e652c8b0
a-q07-ternary_b-r2,q07,ternary_b,2,2,2,True,stop,239,676,,True,0,11.839909865055233,12.041862141806632,137.085,11559.17,65e355655f415f434faf71fa0bc5d95f571f20ca5ac3a539865dce549c8cce70,dd22842fa9cf2fafb7e334284896daaa010e7780300fdd100727f0a2e652c8b0
a-q08-binary_a-r1,q08,binary_a,1,1,1,True,stop,242,668,,True,0,11.668732871999964,11.86411665380001,144.162,11434.825,dfa8fca4dff46dfb45130efcfa53ecd13a44a3ff80a0bd3b81f977f9ecca74ad,924e34546e5e705f4c61501d74a3c4c3dbd7fad9ae132cdc1dd63eba02969e5d
a-q08-binary_a-r2,q08,binary_a,2,1,1,True,stop,242,668,,True,0,11.699365231208503,11.898130116984248,141.364,11442.324,dfa8fca4dff46dfb45130efcfa53ecd13a44a3ff80a0bd3b81f977f9ecca74ad,924e34546e5e705f4c61501d74a3c4c3dbd7fad9ae132cdc1dd63eba02969e5d
a-q08-binary_b-r1,q08,binary_b,1,0,0,True,stop,240,512,,True,0,8.993118102895096,9.172320837853476,144.899,8754.511,3e3b3f1cfc05ed377de528ec1536d7efa6c120e0ffe6381ace0cdfbaa3f0a9cf,fc8f36e7fd4724cf361dbc0ae3bdb9bcc29b3b4afc977182146a8a866886c2aa
a-q08-binary_b-r2,q08,binary_b,2,0,0,True,stop,240,512,,True,0,9.013866626191884,9.21624921890907,140.973,8753.452,3e3b3f1cfc05ed377de528ec1536d7efa6c120e0ffe6381ace0cdfbaa3f0a9cf,fc8f36e7fd4724cf361dbc0ae3bdb9bcc29b3b4afc977182146a8a866886c2aa
a-q08-ternary_a-r1,q08,ternary_a,1,2,2,True,stop,245,661,,True,0,11.572795839980245,11.772613850887865,146.121,11327.882,419d1ad5dd9b131bac476df427c0af5d1622269f30d8f32075fbc8967351c942,875bf1595680fc90554479243b6c055c2c595b9d145f10b7ca7e2e5039b9fd73
a-q08-ternary_a-r2,q08,ternary_a,2,2,2,True,stop,245,661,,True,0,11.623224883107468,11.814788019051775,142.984,11366.179,419d1ad5dd9b131bac476df427c0af5d1622269f30d8f32075fbc8967351c942,875bf1595680fc90554479243b6c055c2c595b9d145f10b7ca7e2e5039b9fd73
a-q08-ternary_b-r1,q08,ternary_b,1,2,2,True,stop,249,733,,True,0,12.83758394792676,13.029152429895476,146.735,12599.195,406de37aa95c97daa616cb7603de5cceedb9d6bbe9f66af6c44855a07ec6ae0d,37b4bbc6389da34307df20c9c443447a052fff33ff1376105261679e501e811e
a-q08-ternary_b-r2,q08,ternary_b,2,2,2,True,stop,249,733,,True,0,12.870334791019559,13.081034125993028,142.587,12611.384,406de37aa95c97daa616cb7603de5cceedb9d6bbe9f66af6c44855a07ec6ae0d,37b4bbc6389da34307df20c9c443447a052fff33ff1376105261679e501e811e
a-q09-binary_a-r1,q09,binary_a,1,0,0,True,stop,232,552,,True,0,9.866370684001595,10.065958685940132,145.214,9627.433,e97c2eafdae6655db0265c347318e96e5866e7202d9d4988102897b2358251a9,3656444dace553ad3470b4bfa9e7cb49742a8984b903cef817fc87d8d341604c
a-q09-binary_a-r2,q09,binary_a,2,0,0,True,stop,232,552,,True,0,9.934650771087036,10.139675799990073,141.661,9671.305,e97c2eafdae6655db0265c347318e96e5866e7202d9d4988102897b2358251a9,3656444dace553ad3470b4bfa9e7cb49742a8984b903cef817fc87d8d341604c
a-q09-binary_b-r1,q09,binary_b,1,0,0,True,stop,230,266,,True,0,4.863615868147463,5.07292126910761,144.78,4624.659,aadcf0079bd41d274e983b7b281e2255a0765a468201bdd9245ef31e9a5be775,996a4b5c2cfe2648d89809c618f131604cad83f90dbb963456e79d00e6eb716f
a-q09-binary_b-r2,q09,binary_b,2,0,0,True,stop,230,266,,True,0,4.868284864118323,5.073878908064216,138.907,4620.011,aadcf0079bd41d274e983b7b281e2255a0765a468201bdd9245ef31e9a5be775,996a4b5c2cfe2648d89809c618f131604cad83f90dbb963456e79d00e6eb716f
a-q09-ternary_a-r1,q09,ternary_a,1,0,0,True,stop,235,410,,True,0,7.370130422990769,7.5643472608644515,145.126,7132.207,a1a9a9b7520d87a2170868df0df4ed4235bfb1dd0bbf4a25be1c875bb40dbb7f,36688c682276fcc7bb5e36b109acae9cf27d3c80e6c6781952138f897133c0c0
a-q09-ternary_a-r2,q09,ternary_a,2,0,0,True,stop,235,410,,True,0,7.395224147010595,7.59846325404942,141.602,7140.204,a1a9a9b7520d87a2170868df0df4ed4235bfb1dd0bbf4a25be1c875bb40dbb7f,36688c682276fcc7bb5e36b109acae9cf27d3c80e6c6781952138f897133c0c0
a-q09-ternary_b-r1,q09,ternary_b,1,0,0,True,stop,239,337,,True,0,6.09447819693014,6.310959737980738,145.839,5861.286,5d1c1076a0517d41a04b5a63e465740aa0123a791a20a1902f91fb4f824c7b67,e328e59711835fff61c7906c8ee840912742a2762ca526ce61d212d0e420b84c
a-q09-ternary_b-r2,q09,ternary_b,2,0,0,True,stop,239,337,,True,0,6.108573372941464,6.318070468027145,142.264,5856.526,5d1c1076a0517d41a04b5a63e465740aa0123a791a20a1902f91fb4f824c7b67,e328e59711835fff61c7906c8ee840912742a2762ca526ce61d212d0e420b84c
a-q10-binary_a-r1,q10,binary_a,1,0,0,True,stop,225,504,,True,0,9.01586143602617,9.224780777934939,144.914,8777.985,122907cdd3361353cb2d5ca5eb7cf46b0d7a354866f247ee535e35825ddf968e,87464bb258d6b5c17f275c9240f7ca314bb05482bb7327a9274f7b3366bee554
a-q10-binary_a-r2,q10,binary_a,2,0,0,True,stop,225,504,,True,0,9.029513345798478,9.228327499004081,140.267,8774.734,122907cdd3361353cb2d5ca5eb7cf46b0d7a354866f247ee535e35825ddf968e,87464bb258d6b5c17f275c9240f7ca314bb05482bb7327a9274f7b3366bee554
a-q10-binary_b-r1,q10,binary_b,1,0,0,True,stop,223,516,,True,0,9.21153529197909,9.385892617050558,146.313,8970.093,9ebf3adaf6f8235665d1b175777a283f32dcb9b7c76ddb1003d9f656a4a64d9c,e079550cd76419ed43aa747e8cba61d8ea572010914574d41a336106c2f0f999
a-q10-binary_b-r2,q10,binary_b,2,0,0,True,stop,223,516,,True,0,9.217367656063288,9.40516255190596,136.854,8976.755,9ebf3adaf6f8235665d1b175777a283f32dcb9b7c76ddb1003d9f656a4a64d9c,e079550cd76419ed43aa747e8cba61d8ea572010914574d41a336106c2f0f999
a-q10-ternary_a-r1,q10,ternary_a,1,0,0,True,stop,228,417,,True,0,7.520269776927307,7.727223787922412,147.175,7251.028,d8c3c697c5229e670825dd76bf79972c3d61b944a0bb992b6a097531fcd1b7a4,975d13ba101b5573412100c5402c403b16d689daf1d5a4c4cc732eb6d1260ea6
a-q10-ternary_a-r2,q10,ternary_a,2,0,0,True,stop,228,417,,True,0,7.497870915103704,7.677144209854305,139.302,7247.064,d8c3c697c5229e670825dd76bf79972c3d61b944a0bb992b6a097531fcd1b7a4,975d13ba101b5573412100c5402c403b16d689daf1d5a4c4cc732eb6d1260ea6
a-q10-ternary_b-r1,q10,ternary_b,1,0,0,True,stop,232,535,,True,0,9.547871750080958,9.758487496059388,145.931,9304.971,691b530c5a996811b9a8c4756ff2fb377f2d6b6186f17a4e6da811aeb8d9c6ad,0c075c7e35fb07b96b325b884bec0e57fe73144b1b03b979591c03112cdaa118
a-q10-ternary_b-r2,q10,ternary_b,2,0,0,True,stop,232,535,,True,0,9.565392645075917,9.763294531963766,140.335,9309.654,691b530c5a996811b9a8c4756ff2fb377f2d6b6186f17a4e6da811aeb8d9c6ad,0c075c7e35fb07b96b325b884bec0e57fe73144b1b03b979591c03112cdaa118
a-q11-binary_a-r1,q11,binary_a,1,1,1,True,stop,286,654,,True,0,11.670059741009027,11.877711068140343,167.184,11406.676,82701713b45a7479d0dfa2444deccf7d45a8b8d829529a079f3a4c6c8434f4d3,974e43898c15ec6638def0507bed8ed87c87f63d3a08eed3983fc44b4ade3aab
a-q11-binary_a-r2,q11,binary_a,2,1,1,True,stop,286,654,,True,0,11.495798228075728,11.707313149003312,162.132,11206.172,82701713b45a7479d0dfa2444deccf7d45a8b8d829529a079f3a4c6c8434f4d3,974e43898c15ec6638def0507bed8ed87c87f63d3a08eed3983fc44b4ade3aab
a-q11-binary_b-r1,q11,binary_b,1,1,1,True,stop,284,718,,True,0,12.596171147888526,12.792522991076112,166.142,12332.012,93ae9b8d1a9d78fec5b0df36079e58154cb76d658b6c8852ed8d0596a0c530f8,ba33f4552b9fa231b9753ca55b9f501bce4fbf3cb69eb6346c13dbbc2d8bff5b
a-q11-binary_b-r2,q11,binary_b,2,1,1,True,stop,284,718,,True,0,12.677022046875209,12.877449797000736,157.258,12364.859,93ae9b8d1a9d78fec5b0df36079e58154cb76d658b6c8852ed8d0596a0c530f8,ba33f4552b9fa231b9753ca55b9f501bce4fbf3cb69eb6346c13dbbc2d8bff5b
a-q11-ternary_a-r1,q11,ternary_a,1,0,0,True,stop,289,713,,True,0,12.5362243889831,12.741396034834906,164.0,12281.843,553f4ac896b8b3515589f90bc1421f736035273575af3eff1f5c0702d8623b2e,6b678bfc85cfc683aadb8799a84880ee5a048fc66a9fb9d2f8f2eef80c02a2cc
a-q11-ternary_a-r2,q11,ternary_a,2,0,0,True,stop,289,713,,True,0,12.575257255928591,12.787579828873277,162.452,12298.371,553f4ac896b8b3515589f90bc1421f736035273575af3eff1f5c0702d8623b2e,6b678bfc85cfc683aadb8799a84880ee5a048fc66a9fb9d2f8f2eef80c02a2cc
a-q11-ternary_b-r1,q11,ternary_b,1,2,2,True,stop,293,688,,True,0,12.142469298094511,12.337950490880758,167.255,11883.424,1020b7d6a3275c09f6b43a5f93f6eeb508edbfae8175b3b894f3bb92b9199ffd,80da251095eef94466cfef143b74f4381ea7884a021f5b52b9469a2514b944bf
a-q11-ternary_b-r2,q11,ternary_b,2,2,2,True,stop,293,688,,True,0,12.173680211883038,12.385700644925237,163.894,11887.46,1020b7d6a3275c09f6b43a5f93f6eeb508edbfae8175b3b894f3bb92b9199ffd,80da251095eef94466cfef143b74f4381ea7884a021f5b52b9469a2514b944bf
a-q12-binary_a-r1,q12,binary_a,1,1,1,True,stop,248,675,,True,0,,,154.413,11656.268,ae7a2b13a7ad1e90b5fc272f4605c94433afa94a242f160c6d0c0acddab4ae33,10eb7fc7de2ece9f96618df28cb5a28f889e1f5ca3c9cb55869f19ccbb76fff1
a-q12-binary_a-r2,q12,binary_a,2,1,1,True,stop,248,675,,True,0,11.181224900996312,11.417626858921722,151.724,10920.631,ae7a2b13a7ad1e90b5fc272f4605c94433afa94a242f160c6d0c0acddab4ae33,10eb7fc7de2ece9f96618df28cb5a28f889e1f5ca3c9cb55869f19ccbb76fff1
a-q12-binary_b-r1,q12,binary_b,1,1,1,True,stop,246,564,,True,0,9.425231137080118,9.627140458207577,150.648,9181.422,b24b09e21228c2566d86a241a76ba16d0f5e781f37d7303c0739fb7c91555b49,4a5f672bfcc6d284a2651fc75936deaaca7e33ff7e8c30e837e292b2554e0f08
a-q12-binary_b-r2,q12,binary_b,2,1,1,True,stop,246,564,,True,0,9.47565638879314,9.683873742818832,147.351,9208.867,b24b09e21228c2566d86a241a76ba16d0f5e781f37d7303c0739fb7c91555b49,4a5f672bfcc6d284a2651fc75936deaaca7e33ff7e8c30e837e292b2554e0f08
a-q12-ternary_a-r1,q12,ternary_a,1,2,2,True,stop,251,863,,True,0,14.479166717035696,14.69280339893885,151.224,14235.38,56a3e8b8547a3ac4b0e43d75363b8a7ee339246c775ef129fbb43a7a1addb54a,9e8f1db58225ada06d234380dd074f949f6ba4d60ccdb37a3115fa7680f95aba
a-q12-ternary_a-r2,q12,ternary_a,2,2,2,True,stop,251,863,,True,0,14.62815665290691,14.819628947880119,147.645,14350.932,56a3e8b8547a3ac4b0e43d75363b8a7ee339246c775ef129fbb43a7a1addb54a,9e8f1db58225ada06d234380dd074f949f6ba4d60ccdb37a3115fa7680f95aba
a-q12-ternary_b-r1,q12,ternary_b,1,2,2,True,stop,255,670,,True,0,11.44083338486962,11.642266687005758,154.343,11193.491,074136e9fd6a524e93808da2057dfb3df5c5c4b2c0aaf20ece2bdfcb248726a4,20486ba2f02b1e53bbe4bab0b0e4fc15978002c497535ab456a2a07db17834b4
a-q12-ternary_b-r2,q12,ternary_b,2,2,2,True,stop,255,670,,True,0,11.515336766140535,11.72418513498269,150.842,11244.46,074136e9fd6a524e93808da2057dfb3df5c5c4b2c0aaf20ece2bdfcb248726a4,20486ba2f02b1e53bbe4bab0b0e4fc15978002c497535ab456a2a07db17834b4
a-q13-binary_a-r1,q13,binary_a,1,0,0,True,stop,286,764,,True,0,13.148372682975605,13.360183849930763,163.468,12892.317,b8a565ce821edad58033b34fd0f9584ba1d7753a41998b8f0fc3614f214ce939,03e8875d58d4d7a469500996e7e64fd8f15874e7bdef2801de6a17758be24f90
a-q13-binary_a-r2,q13,binary_a,2,0,0,True,stop,286,764,,True,0,13.227491267956793,13.43561060889624,154.858,12925.117,b8a565ce821edad58033b34fd0f9584ba1d7753a41998b8f0fc3614f214ce939,03e8875d58d4d7a469500996e7e64fd8f15874e7bdef2801de6a17758be24f90
a-q13-binary_b-r1,q13,binary_b,1,1,1,True,stop,284,499,,True,0,8.707322873175144,8.899711448000744,164.448,8447.274,8d50ad1bb8ed6e5663ff67d4f2cb1da29cd83a40347f6ae8652c8bf144d6b3a5,0de51a74f4c8f30d3f75ba50a0e8ef0615eb09dd30f8c80893177674942c146f
a-q13-binary_b-r2,q13,binary_b,2,1,1,True,stop,284,499,,True,0,8.747638195054606,8.936797027941793,160.006,8461.019,8d50ad1bb8ed6e5663ff67d4f2cb1da29cd83a40347f6ae8652c8bf144d6b3a5,0de51a74f4c8f30d3f75ba50a0e8ef0615eb09dd30f8c80893177674942c146f
a-q13-ternary_a-r1,q13,ternary_a,1,2,2,True,stop,289,500,,True,0,8.744050332112238,8.932348350062966,163.277,8489.603,c8bdd676975eac1d98b3c86526a37766b239d811897e50638871e893960c1c1a,4f81223edeef6acfe82a65c329c6b9cbccd9a25ba34836bc42d0862488bdbc64
a-q13-ternary_a-r2,q13,ternary_a,2,2,2,True,stop,289,500,,True,0,8.77414917293936,8.982147108064964,160.62,8497.233,c8bdd676975eac1d98b3c86526a37766b239d811897e50638871e893960c1c1a,4f81223edeef6acfe82a65c329c6b9cbccd9a25ba34836bc42d0862488bdbc64
a-q13-ternary_b-r1,q13,ternary_b,1,2,2,True,stop,293,624,,True,0,10.897680361988023,11.08624553703703,166.651,10636.703,15e0293c7cd837a48e3696eda0d1bd7d2d33eb131e47788845f681fd443db6d4,2199889f34b8ebd6818c156333fcfa9c23f00e429accfadce9a3332836b13518
a-q13-ternary_b-r2,q13,ternary_b,2,2,2,True,stop,293,624,,True,0,10.911754423985258,11.115583831910044,161.51,10633.861,15e0293c7cd837a48e3696eda0d1bd7d2d33eb131e47788845f681fd443db6d4,2199889f34b8ebd6818c156333fcfa9c23f00e429accfadce9a3332836b13518
a-q14-binary_a-r1,q14,binary_a,1,0,0,True,stop,318,528,,True,0,9.281013777013868,9.496346818981692,176.053,9011.551,720f6bd7e353c4fb2657303783a50b0843e217ce465e32a18ed62e9fbb7c761b,68fd70a38401c8cb81129dec0ae92d89989e4db0ed8326004cdb1383e336d5e8
a-q14-binary_a-r2,q14,binary_a,2,0,0,True,stop,318,528,,True,0,9.303192778024822,9.50912043498829,173.149,9017.111,720f6bd7e353c4fb2657303783a50b0843e217ce465e32a18ed62e9fbb7c761b,68fd70a38401c8cb81129dec0ae92d89989e4db0ed8326004cdb1383e336d5e8
a-q14-binary_b-r1,q14,binary_b,1,1,1,True,stop,316,624,,True,0,10.944615115877241,11.132017232012004,176.322,10674.248,d2b972a6ae0cbac11ad0bfc2eb4dd68a282242a15ceac37538cec8b5aee01c1c,7ee01df9b184f6e9e5acecc55e7154e885f416880981bccf1bd3a21bc198292b
a-q14-binary_b-r2,q14,binary_b,2,1,1,True,stop,316,624,,True,0,10.998811569996178,11.212590290000662,173.337,10702.35,d2b972a6ae0cbac11ad0bfc2eb4dd68a282242a15ceac37538cec8b5aee01c1c,7ee01df9b184f6e9e5acecc55e7154e885f416880981bccf1bd3a21bc198292b
a-q14-ternary_a-r1,q14,ternary_a,1,0,0,True,stop,321,434,,True,0,7.694752900861204,7.909696351969615,175.082,7425.707,fe977c9fdb30e08eb7b323295a4ed6b79016147b8bf5223c129686c1b27e6dfc,e009acac77f89d08ab9af1e34a21dba87b6761ed701fb5f46a9fec773d9f8d59
a-q14-ternary_a-r2,q14,ternary_a,2,0,0,True,stop,321,434,,True,0,7.715152238029987,7.924927314044908,174.177,7426.82,fe977c9fdb30e08eb7b323295a4ed6b79016147b8bf5223c129686c1b27e6dfc,e009acac77f89d08ab9af1e34a21dba87b6761ed701fb5f46a9fec773d9f8d59
a-q14-ternary_b-r1,q14,ternary_b,1,2,2,True,stop,325,542,,True,0,9.572117118863389,9.784522055182606,177.281,9297.762,af7fb293787be537c838f516d1478beca21dffc33eb7d82c3e0b507bcf1bbc69,9af1bac91cffdf37abac928d2e610e431ef99c1eb8977e1bd81b258aa6ba1703
a-q14-ternary_b-r2,q14,ternary_b,2,2,2,True,stop,325,542,,True,0,9.598379116039723,9.802033384796232,173.988,9309.675,af7fb293787be537c838f516d1478beca21dffc33eb7d82c3e0b507bcf1bbc69,9af1bac91cffdf37abac928d2e610e431ef99c1eb8977e1bd81b258aa6ba1703
a-q15-binary_a-r1,q15,binary_a,1,1,1,True,stop,265,540,,True,0,9.52208739402704,9.73009496089071,158.565,9260.187,95f705ad723afc10399c0d09bf347f8ca54ffb4122ed0c7b34a7d8eeae165a3b,ef0f64a45035479cb8a32f8a5f26ca1968e150c53a59900243ce9aeba49f29d9
a-q15-binary_a-r2,q15,binary_a,2,1,1,True,stop,265,540,,True,0,9.527045340044424,9.731996017042547,154.13,9260.238,95f705ad723afc10399c0d09bf347f8ca54ffb4122ed0c7b34a7d8eeae165a3b,ef0f64a45035479cb8a32f8a5f26ca1968e150c53a59900243ce9aeba49f29d9
a-q15-binary_b-r1,q15,binary_b,1,1,1,True,stop,263,608,,True,0,10.727373061934486,10.936099514830858,158.828,10473.229,37c044da09e7886ff8472dc058d85a21f555ce787acb421434493728dfc91f43,b20d177d8d8d2f697b5b1ded3c4a24b3ec2a43eb4c043747a12877b1f5bab459
a-q15-binary_b-r2,q15,binary_b,2,1,1,True,stop,263,608,,True,0,10.721657807938755,10.909020360093564,153.791,10454.792,37c044da09e7886ff8472dc058d85a21f555ce787acb421434493728dfc91f43,b20d177d8d8d2f697b5b1ded3c4a24b3ec2a43eb4c043747a12877b1f5bab459
a-q15-ternary_a-r1,q15,ternary_a,1,2,2,True,stop,268,522,,True,0,9.229428972117603,9.437428317964077,160.552,8969.687,207d35779aef00d8b01dbcc12d1dd1bcc7a6d4e22182b5bb9a24fe2420a54a1c,445f6d9c99fabde96300b9b22a93138ed5d8199370093eedc1e040e54459151f
a-q15-ternary_a-r2,q15,ternary_a,2,2,2,True,stop,268,522,,True,0,9.244306406006217,9.454064971068874,153.873,8966.881,207d35779aef00d8b01dbcc12d1dd1bcc7a6d4e22182b5bb9a24fe2420a54a1c,445f6d9c99fabde96300b9b22a93138ed5d8199370093eedc1e040e54459151f
a-q15-ternary_b-r1,q15,ternary_b,1,2,2,True,stop,272,657,,True,0,11.619277745019644,11.834530148888007,159.62,11349.955,eb9eb3721a96aa904922f562d39fbf9a4d74e4ca8fa0bc4f398aa1aed1a2037e,ce322da3fc588a3b4fa5bc69766b0a1ea06a9d5d3e2c146dc2ccdeeb73a6d2d1
a-q15-ternary_b-r2,q15,ternary_b,2,2,2,True,stop,272,657,,True,0,11.635316978907213,11.83831056393683,156.172,11349.194,eb9eb3721a96aa904922f562d39fbf9a4d74e4ca8fa0bc4f398aa1aed1a2037e,ce322da3fc588a3b4fa5bc69766b0a1ea06a9d5d3e2c146dc2ccdeeb73a6d2d1
a-q16-binary_a-r1,q16,binary_a,1,1,1,True,stop,257,770,,True,0,13.5470885199029,13.760787626029924,155.017,13296.655,06c86c224de2cde3ef7935e60f4eea852e28545bee1e786396fc58b915e8dda2,dfb61dc623331fd83c123c20514d94af76e39fb81c9755444cf7d449a1d36da7
a-q16-binary_a-r2,q16,binary_a,2,1,1,True,stop,257,770,,True,0,13.618799328804016,13.833505883114412,152.931,13323.118,06c86c224de2cde3ef7935e60f4eea852e28545bee1e786396fc58b915e8dda2,dfb61dc623331fd83c123c20514d94af76e39fb81c9755444cf7d449a1d36da7
a-q16-binary_b-r1,q16,binary_b,1,1,1,True,stop,255,546,,True,0,9.673129261936992,9.905112597858533,149.884,9428.58,e8cfdd14a68e54c67119625fbb32cc6e8199b740db57240fb354d83471163b84,ef6cb42ec1900c5a64e2fd1979309d564c458b7b7d7c3159c5da35f175901bb0
a-q16-binary_b-r2,q16,binary_b,2,1,1,True,stop,255,546,,True,0,9.683918874943629,9.879617193015292,151.619,9417.411,e8cfdd14a68e54c67119625fbb32cc6e8199b740db57240fb354d83471163b84,ef6cb42ec1900c5a64e2fd1979309d564c458b7b7d7c3159c5da35f175901bb0
a-q16-ternary_a-r1,q16,ternary_a,1,0,0,True,stop,260,617,,True,0,10.908286266028881,11.103564568096772,157.862,10658.408,e491679b28dde0d84dfe71eeaf086a19d3a92b6938bb303a3187710a003d67b2,84115ca8863f99f1888676fd252f79cd91db128f6bbe3d349af764b393fd9621
a-q16-ternary_a-r2,q16,ternary_a,2,0,0,True,stop,260,617,,True,0,10.945417581824586,11.149503597989678,152.949,10681.786,e491679b28dde0d84dfe71eeaf086a19d3a92b6938bb303a3187710a003d67b2,84115ca8863f99f1888676fd252f79cd91db128f6bbe3d349af764b393fd9621
a-q16-ternary_b-r1,q16,ternary_b,1,2,2,True,stop,264,638,,True,0,11.27639837586321,11.476980675011873,156.63,11026.746,3636e8f1922427b95497936b9c3658b40bf7605dec0a23aa2681284f09300a6c,d70c94ca507cb7cdbf6e1f52b787d0bc9f94863daaf8fb6026a0fc488c5d3f30
a-q16-ternary_b-r2,q16,ternary_b,2,2,2,True,stop,264,638,,True,0,11.317740994039923,11.513208570890129,152.244,11046.449,3636e8f1922427b95497936b9c3658b40bf7605dec0a23aa2681284f09300a6c,d70c94ca507cb7cdbf6e1f52b787d0bc9f94863daaf8fb6026a0fc488c5d3f30
