measurement_version,conversation,condition,turn,ordinal,accepted_turn_id,arc_id,arc_age,ordinal_span,arc_pivot,window,warmup,composite_warmup,membership_prefix_complete,maturity,concept_count,concept_arc_novelty,concept_new_count,concept_adjacent_movement,concept_window_novelty,concept_window_repeat,concept_window_coverage,concept_rolling_saturation,concept_rolling_novelty_mean,concept_rolling_new_per_turn,relationship_count,relationship_arc_novelty,relationship_new_count,relationship_adjacent_movement,relationship_window_novelty,relationship_window_repeat,relationship_window_coverage,relationship_rolling_saturation,relationship_rolling_novelty_mean,relationship_rolling_new_per_turn,saa_candidate_count,saa_entropy_nats,saa_effective_candidate_count,saa_max_mass,contextual_hhi,background_candidate_count,background_mass,background_unselected_count,selected_landing,active_neighborhood_count,route_count,candidates_adjacent_jaccard,neighborhood_adjacent_jaccard,routes_adjacent_jaccard,selected_landing_rolling_repeat,c1_concept_persistence_proxy,c2_structure_persistence_proxy,c3_context_persistence_proxy
passive-arc-measurements-v1,watering-F,F,1,1,watering-F:turn:1,conversation:watering-F:0,1,1,False,3,True,True,True,0.0,6,,,,,,0.3333333333333333,,,,4,,,,,,0.3333333333333333,,,,21,2.6412360913437922,14.030535917364015,0.285714,1.0,21,1.0,20,edge:dbf7ff35c5371b08c5abb82fdfe0b6f5dae978790af062eaf3f59fefd12490bd,2,1,,,,,,,
passive-arc-measurements-v1,watering-F,F,2,2,watering-F:turn:2,conversation:watering-F:0,2,2,False,3,True,True,True,0.2,0,,0,1.0,,,0.6666666666666666,,,,0,,0,1.0,,,0.6666666666666666,,,,21,2.6412360913437922,14.030535917364015,0.285714,,21,1.0,20,edge:74d29c6decb303c1a666edc3675b248b0111d6b0886d666ba4ab92bfee0a45d9,2,1,1.0,0.0,0.0,,,,
passive-arc-measurements-v1,watering-F,F,3,3,watering-F:turn:3,conversation:watering-F:0,3,3,False,3,False,True,True,0.4,2,1.0,2,1.0,1.0,0.0,1.0,0.0,,,1,1.0,1,1.0,1.0,0.0,1.0,0.0,,,21,2.6412360913437922,14.030535917364015,0.285714,,21,1.0,20,edge:fb8c132a45f906941cb4f51d34459655cb9b959f9617e2dbbe7d144fd0ce7034,2,1,1.0,0.0,0.0,0.0,,,
passive-arc-measurements-v1,watering-F,F,4,4,watering-F:turn:4,conversation:watering-F:0,4,4,False,3,False,False,True,0.6,2,1.0,2,1.0,1.0,0.0,1.0,0.0,,1.3333333333333333,1,1.0,1,1.0,1.0,0.0,1.0,0.0,,0.6666666666666666,21,2.6412360913437922,14.030535917364015,0.285714,,21,1.0,20,edge:fb8c132a45f906941cb4f51d34459655cb9b959f9617e2dbbe7d144fd0ce7034,2,1,1.0,1.0,1.0,0.33333333333333337,,,
passive-arc-measurements-v1,watering-F,F,5,5,watering-F:turn:5,conversation:watering-F:0,5,5,False,3,False,False,True,0.8,4,1.0,4,1.0,1.0,0.0,1.0,0.0,1.0,2.6666666666666665,3,1.0,3,1.0,1.0,0.0,1.0,0.0,1.0,1.6666666666666667,21,2.6412360913437922,14.030535917364015,0.285714,1.0,21,1.0,20,edge:eacc8aab293f94a7e200c8f18486f47a60f7f241a9612164e960ee21661c145a,3,2,1.0,0.0,0.0,0.33333333333333337,0.0,0.0,0.0
passive-arc-measurements-v1,watering-F,F,6,6,watering-F:turn:6,conversation:watering-F:0,6,6,False,3,False,False,True,1.0,9,0.8888888888888888,8,1.0,0.8888888888888888,0.11111111111111116,1.0,0.0,0.9629629629629629,4.666666666666667,6,1.0,6,1.0,1.0,0.0,1.0,0.0,1.0,3.3333333333333335,21,2.6412360913437922,14.030535917364015,0.285714,1.0,21,1.0,20,edge:dbf7ff35c5371b08c5abb82fdfe0b6f5dae978790af062eaf3f59fefd12490bd,2,1,1.0,0.0,0.0,0.0,0.03703703703703709,0.0185185185185186,0.0185185185185186
passive-arc-measurements-v1,watering-F,F,7,7,watering-F:turn:7,conversation:watering-F:0,7,7,False,3,False,False,True,1.0,4,1.0,4,1.0,1.0,0.0,1.0,0.0,0.9629629629629629,5.333333333333333,4,1.0,4,1.0,1.0,0.0,1.0,0.0,1.0,4.333333333333333,21,2.6412360913437922,14.030535917364015,0.285714,1.0,21,1.0,20,edge:dbf7ff35c5371b08c5abb82fdfe0b6f5dae978790af062eaf3f59fefd12490bd,2,1,1.0,1.0,1.0,0.33333333333333337,0.03703703703703709,0.0185185185185186,0.0185185185185186
passive-arc-measurements-v1,watering-F,F,8,8,watering-F:turn:8,conversation:watering-F:0,8,8,False,3,False,False,True,1.0,4,1.0,4,1.0,1.0,0.0,1.0,0.0,0.9629629629629629,5.333333333333333,2,1.0,2,1.0,1.0,0.0,1.0,0.0,1.0,4.0,21,2.6422787224440176,14.045172219270166,0.285383,0.5102038017505506,20,0.9703050000000001,19,edge:1d2bd13f7d9f06043f97b7991a538df9268179a1f5a70a27960cac243e44bd41,2,1,1.0,0.0,0.0,0.33333333333333337,0.03703703703703709,0.0185185185185186,0.009448218550936164
passive-arc-measurements-v1,watering-F,F,9,9,watering-F:turn:9,conversation:watering-F:0,9,9,False,3,False,False,True,1.0,7,1.0,7,1.0,1.0,0.0,1.0,0.0,1.0,5.0,5,1.0,5,1.0,1.0,0.0,1.0,0.0,1.0,3.6666666666666665,21,2.647719284603152,14.121794095807152,0.283353,0.3884597045320517,20,0.963401,19,edge:d662953f9caef487b6554bc8ca78f94509b160bd76564fd096b72720907dd82e,2,1,1.0,0.0,0.0,0.0,0.0,0.0,0.0
passive-arc-measurements-v1,watering-F,F,10,10,watering-F:turn:10,conversation:watering-F:0,10,10,False,3,False,False,True,1.0,4,1.0,4,1.0,1.0,0.0,1.0,0.0,1.0,5.0,2,1.0,2,1.0,1.0,0.0,1.0,0.0,1.0,3.0,21,2.6412360913437922,14.030535917364015,0.285714,1.0,21,1.0,20,edge:61cbbda56a8a7f838073244fb5dfccd7ce16ed8ce228210069d8478d0685ff7b,2,1,1.0,0.3333333333333333,0.0,0.0,0.0,0.0,0.0
passive-arc-measurements-v1,watering-S,S,1,1,watering-S:turn:1,conversation:watering-S:0,1,1,False,3,True,True,True,0.0,6,,,,,,0.3333333333333333,,,,4,,,,,,0.3333333333333333,,,,21,2.6412360913437922,14.030535917364015,0.285714,1.0,21,1.0,20,edge:dbf7ff35c5371b08c5abb82fdfe0b6f5dae978790af062eaf3f59fefd12490bd,2,1,,,,,,,
passive-arc-measurements-v1,watering-S,S,2,2,watering-S:turn:2,conversation:watering-S:0,2,2,False,3,True,True,True,0.2,8,0.875,7,0.9230769230769231,0.875,0.125,0.6666666666666666,,,,6,1.0,6,1.0,1.0,0.0,0.6666666666666666,,,,21,2.6412360913437922,14.030535917364015,0.285714,0.5,21,1.0,20,edge:74d29c6decb303c1a666edc3675b248b0111d6b0886d666ba4ab92bfee0a45d9,2,1,1.0,0.0,0.0,,,,
passive-arc-measurements-v1,watering-S,S,3,3,watering-S:turn:3,conversation:watering-S:0,3,3,False,3,False,True,True,0.4,6,0.8333333333333334,5,1.0,0.8333333333333334,0.16666666666666663,1.0,0.09999999999999998,,,4,1.0,4,1.0,1.0,0.0,1.0,0.0,,,21,2.6412360913437922,14.030535917364015,0.285714,1.0,21,1.0,20,edge:fb8c132a45f906941cb4f51d34459655cb9b959f9617e2dbbe7d144fd0ce7034,2,1,1.0,0.0,0.0,0.0,,,
passive-arc-measurements-v1,watering-S,S,4,4,watering-S:turn:4,conversation:watering-S:0,4,4,False,3,False,False,True,0.6,6,0.8333333333333334,5,0.9090909090909091,0.8333333333333334,0.16666666666666663,1.0,0.050000000000000044,0.8472222222222223,5.666666666666667,4,1.0,4,1.0,1.0,0.0,1.0,0.0,1.0,4.666666666666667,21,2.6412360913437922,14.030535917364015,0.285714,1.0,21,1.0,20,edge:fb8c132a45f906941cb4f51d34459655cb9b959f9617e2dbbe7d144fd0ce7034,2,1,1.0,1.0,1.0,0.33333333333333337,0.0916666666666666,0.0458333333333333,0.0458333333333333
passive-arc-measurements-v1,watering-S,S,5,5,watering-S:turn:5,conversation:watering-S:0,5,5,False,3,False,False,True,0.8,5,0.8,4,1.0,0.8,0.19999999999999996,1.0,0.05882352941176472,0.8222222222222223,4.666666666666667,3,1.0,3,1.0,1.0,0.0,1.0,0.0,1.0,3.6666666666666665,21,2.6412360913437922,14.030535917364015,0.285714,1.0,21,1.0,20,edge:eacc8aab293f94a7e200c8f18486f47a60f7f241a9612164e960ee21661c145a,3,2,1.0,0.0,0.0,0.33333333333333337,0.14222222222222217,0.07111111111111104,0.07111111111111104
passive-arc-measurements-v1,watering-S,S,6,6,watering-S:turn:6,conversation:watering-S:0,6,6,False,3,False,False,True,1.0,5,0.6,3,0.75,0.6,0.4,1.0,0.125,0.7444444444444445,4.0,3,0.6666666666666666,2,0.8,0.6666666666666666,0.33333333333333337,1.0,0.09999999999999998,0.8888888888888888,3.0,21,2.6412360913437922,14.030535917364015,0.285714,1.0,21,1.0,20,edge:dbf7ff35c5371b08c5abb82fdfe0b6f5dae978790af062eaf3f59fefd12490bd,2,1,1.0,0.0,0.0,0.0,0.25555555555555554,0.18333333333333335,0.18333333333333335
passive-arc-measurements-v1,watering-S,S,7,7,watering-S:turn:7,conversation:watering-S:0,7,7,False,3,False,False,True,1.0,5,0.0,0,0.75,0.2,0.8,1.0,0.33333333333333337,0.5333333333333333,2.3333333333333335,5,0.8,4,1.0,1.0,0.0,1.0,0.09090909090909094,0.8888888888888888,3.0,21,2.6412360913437922,14.030535917364015,0.285714,1.0,21,1.0,20,edge:dbf7ff35c5371b08c5abb82fdfe0b6f5dae978790af062eaf3f59fefd12490bd,2,1,1.0,1.0,1.0,0.33333333333333337,0.4666666666666667,0.288888888888889,0.288888888888889
passive-arc-measurements-v1,watering-S,S,8,8,watering-S:turn:8,conversation:watering-S:0,8,8,False,3,False,False,True,1.0,4,0.75,3,1.0,1.0,0.0,1.0,0.1428571428571429,0.6,2.0,3,1.0,3,1.0,1.0,0.0,1.0,0.0,0.8888888888888888,3.0,21,2.694274937908252,14.794787723692558,0.25974,0.40916550940537805,18,0.81169,17,edge:0119715382967b22ce479c7bae334cb506c0ff117a899591b2542c73208e287c,2,1,1.0,0.0,0.0,0.33333333333333337,0.4,0.25555555555555554,0.10456451907026328
passive-arc-measurements-v1,watering-S,S,9,9,watering-S:turn:9,conversation:watering-S:0,9,9,False,3,False,False,True,1.0,0,,0,1.0,,,1.0,0.0,,1.0,0,,0,1.0,,,1.0,0.0,,2.3333333333333335,21,2.6412360913437922,14.030535917364015,0.285714,0.27693772170698144,21,1.0,20,edge:d662953f9caef487b6554bc8ca78f94509b160bd76564fd096b72720907dd82e,2,1,1.0,0.0,0.0,0.0,,,
passive-arc-measurements-v1,watering-S,S,10,10,watering-S:turn:10,conversation:watering-S:0,10,10,False,3,False,False,True,1.0,5,0.4,2,1.0,0.8,0.19999999999999996,1.0,0.0,,1.6666666666666667,4,1.0,4,1.0,1.0,0.0,1.0,0.0,,2.3333333333333335,21,2.6412360913437922,14.030535917364015,0.285714,1.0,21,1.0,20,edge:61cbbda56a8a7f838073244fb5dfccd7ce16ed8ce228210069d8478d0685ff7b,2,1,1.0,0.3333333333333333,0.0,0.0,,,
passive-arc-measurements-v1,network-F,F,1,1,network-F:turn:1,conversation:network-F:0,1,1,False,3,True,True,True,0.0,6,,,,,,0.3333333333333333,,,,5,,,,,,0.3333333333333333,,,,21,2.665063944697521,14.368868329559822,0.262725,0.22299197667348677,19,0.860428,18,edge:fb8c132a45f906941cb4f51d34459655cb9b959f9617e2dbbe7d144fd0ce7034,2,1,,,,,,,
passive-arc-measurements-v1,network-F,F,2,2,network-F:turn:2,conversation:network-F:0,2,2,False,3,True,True,True,0.2,0,,0,1.0,,,0.6666666666666666,,,,0,,0,1.0,,,0.6666666666666666,,,,21,2.6714912175389602,14.461518391403388,0.260727,0.36398073165908573,18,0.827812,17,edge:dbf7ff35c5371b08c5abb82fdfe0b6f5dae978790af062eaf3f59fefd12490bd,2,1,1.0,0.0,0.0,,,,
passive-arc-measurements-v1,network-F,F,3,3,network-F:turn:3,conversation:network-F:0,3,3,False,3,False,True,True,0.4,5,1.0,5,1.0,1.0,0.0,1.0,0.0,,,3,1.0,3,1.0,1.0,0.0,1.0,0.0,,,21,2.6422787224440176,14.045172219270166,0.285383,0.5102038017505506,20,0.9703050000000001,19,edge:1d2bd13f7d9f06043f97b7991a538df9268179a1f5a70a27960cac243e44bd41,2,1,1.0,0.0,0.0,0.0,,,
passive-arc-measurements-v1,network-F,F,4,4,network-F:turn:4,conversation:network-F:0,4,4,False,3,False,False,True,0.6,3,1.0,3,1.0,1.0,0.0,1.0,0.0,,2.6666666666666665,4,1.0,4,1.0,1.0,0.0,1.0,0.0,,2.3333333333333335,21,2.6676200637004284,14.40564384822485,0.257787,0.25089189585480093,19,0.8442540000000001,18,edge:fb8c132a45f906941cb4f51d34459655cb9b959f9617e2dbbe7d144fd0ce7034,2,1,1.0,0.0,0.0,0.0,,,
passive-arc-measurements-v1,network-F,F,5,5,network-F:turn:5,conversation:network-F:0,5,5,False,3,False,False,True,0.8,5,0.8,4,0.8571428571428572,0.8,0.19999999999999996,1.0,0.07692307692307687,0.9333333333333332,4.0,6,0.8333333333333334,5,0.8888888888888888,0.8333333333333334,0.16666666666666663,1.0,0.07692307692307687,0.9444444444444445,4.0,21,2.6714912175389602,14.461518391403388,0.260727,0.2782357916100962,18,0.827812,17,edge:3bc787164aa0ee917fba801b7eef021c319c6ff1ff9a45ddb18e65da1ef5ac9a,2,1,1.0,0.0,0.0,0.0,0.05333333333333341,0.0488888888888889,0.013602638700938039
passive-arc-measurements-v1,network-F,F,6,6,network-F:turn:6,conversation:network-F:0,6,6,False,3,False,False,True,1.0,7,0.7142857142857143,5,0.9090909090909091,0.8571428571428571,0.1428571428571429,1.0,0.1333333333333333,0.8857142857142857,4.0,6,1.0,6,1.0,1.0,0.0,1.0,0.0625,0.9444444444444445,5.0,21,2.6412360913437922,14.030535917364015,0.285714,0.20661171450158217,21,1.0,20,edge:5a8f1a8587f561fe8e3bc128f022508639bea7e0642064c3fe966667b63f27ee,3,2,1.0,0.0,0.0,0.0,0.11428571428571432,0.08492063492063484,0.017545597977515294
passive-arc-measurements-v1,network-F,F,7,7,network-F:turn:7,conversation:network-F:0,7,7,False,3,False,False,True,1.0,2,1.0,2,1.0,1.0,0.0,1.0,0.0714285714285714,0.8857142857142857,3.6666666666666665,4,1.0,4,1.0,1.0,0.0,1.0,0.0,0.9444444444444445,5.0,21,2.643122419339165,14.05702708771801,0.284889,0.20833350000116665,20,0.961503,19,edge:fb8c132a45f906941cb4f51d34459655cb9b959f9617e2dbbe7d144fd0ce7034,2,1,1.0,0.0,0.0,0.0,0.11428571428571432,0.08492063492063484,0.017691813095337152
passive-arc-measurements-v1,network-F,F,8,8,network-F:turn:8,conversation:network-F:0,8,8,False,3,False,False,True,1.0,6,0.6666666666666666,4,0.6666666666666667,0.6666666666666666,0.33333333333333337,1.0,0.1333333333333333,0.8412698412698413,3.6666666666666665,3,1.0,3,1.0,1.0,0.0,1.0,0.0,1.0,4.333333333333333,21,2.6412360913437922,14.030535917364015,0.285714,0.2592594567917037,21,1.0,20,edge:61cbbda56a8a7f838073244fb5dfccd7ce16ed8ce228210069d8478d0685ff7b,2,1,1.0,0.0,0.0,0.0,0.15873015873015872,0.0793650793650793,0.020576147364420913
passive-arc-measurements-v1,network-F,F,9,9,network-F:turn:9,conversation:network-F:0,9,9,False,3,False,False,True,1.0,8,0.625,5,0.7272727272727273,0.625,0.375,1.0,0.3125,0.7638888888888888,3.6666666666666665,6,0.8333333333333334,5,0.875,0.8333333333333334,0.16666666666666663,1.0,0.07692307692307687,0.9444444444444445,4.0,21,2.6412360913437922,14.030535917364015,0.285714,0.17346952769783258,21,1.0,20,edge:ad465c09997ebc13616fb2ce2be59128934ff2705c7101ebf72c1b8061058999,2,2,1.0,0.0,0.0,0.0,0.23611111111111116,0.14583333333333326,0.025297639455933905
passive-arc-measurements-v1,network-F,F,10,10,network-F:turn:10,conversation:network-F:0,10,10,False,3,False,False,True,1.0,4,0.75,3,0.9090909090909091,0.75,0.25,1.0,0.2222222222222222,0.6805555555555555,4.0,4,1.0,4,1.0,1.0,0.0,1.0,0.07692307692307687,0.9444444444444445,4.0,21,2.6412360913437922,14.030535917364015,0.285714,0.5918367346938775,21,1.0,20,edge:fb8c132a45f906941cb4f51d34459655cb9b959f9617e2dbbe7d144fd0ce7034,2,1,1.0,0.0,0.0,0.0,0.31944444444444453,0.1875,0.11096938775510204
passive-arc-measurements-v1,network-S,S,1,1,network-S:turn:1,conversation:network-S:0,1,1,False,3,True,True,True,0.0,6,,,,,,0.3333333333333333,,,,5,,,,,,0.3333333333333333,,,,21,2.665063944697521,14.368868329559822,0.262725,0.22299197667348677,19,0.860428,18,edge:fb8c132a45f906941cb4f51d34459655cb9b959f9617e2dbbe7d144fd0ce7034,2,1,,,,,,,
passive-arc-measurements-v1,network-S,S,2,2,network-S:turn:2,conversation:network-S:0,2,2,False,3,True,True,True,0.2,5,1.0,5,1.0,1.0,0.0,0.6666666666666666,,,,6,1.0,6,1.0,1.0,0.0,0.6666666666666666,,,,21,2.665063944697521,14.368868329559822,0.262725,0.20323772689264671,19,0.860428,18,edge:dbf7ff35c5371b08c5abb82fdfe0b6f5dae978790af062eaf3f59fefd12490bd,2,1,1.0,0.0,0.0,,,,
passive-arc-measurements-v1,network-S,S,3,3,network-S:turn:3,conversation:network-S:0,3,3,False,3,False,True,True,0.4,3,1.0,3,1.0,1.0,0.0,1.0,0.0,,,3,1.0,3,1.0,1.0,0.0,1.0,0.0,,,21,2.6412360913437922,14.030535917364015,0.285714,0.17647067128072624,21,1.0,20,edge:1d2bd13f7d9f06043f97b7991a538df9268179a1f5a70a27960cac243e44bd41,2,1,1.0,0.0,0.0,0.0,,,
passive-arc-measurements-v1,network-S,S,4,4,network-S:turn:4,conversation:network-S:0,4,4,False,3,False,False,True,0.6,7,0.7142857142857143,5,0.8888888888888888,0.7142857142857143,0.2857142857142857,1.0,0.06666666666666665,0.9047619047619048,4.333333333333333,6,1.0,6,1.0,1.0,0.0,1.0,0.0,1.0,5.0,21,2.6412360913437922,14.030535917364015,0.285714,0.3333333333333333,21,1.0,20,edge:fb8c132a45f906941cb4f51d34459655cb9b959f9617e2dbbe7d144fd0ce7034,2,1,1.0,0.0,0.0,0.0,0.057142857142857134,0.028571428571428602,0.009523809523809533
passive-arc-measurements-v1,network-S,S,5,5,network-S:turn:5,conversation:network-S:0,5,5,False,3,False,False,True,0.8,7,0.8571428571428571,6,0.9230769230769231,0.8571428571428571,0.1428571428571429,1.0,0.11764705882352944,0.8571428571428571,4.666666666666667,6,1.0,6,1.0,1.0,0.0,1.0,0.0,1.0,5.0,21,2.6412360913437922,14.030535917364015,0.285714,0.20833350000116665,21,1.0,20,edge:74d29c6decb303c1a666edc3675b248b0111d6b0886d666ba4ab92bfee0a45d9,2,1,1.0,0.0,0.0,0.0,0.11428571428571432,0.05714285714285712,0.01190477142863809
passive-arc-measurements-v1,network-S,S,6,6,network-S:turn:6,conversation:network-S:0,6,6,False,3,False,False,True,1.0,2,0.5,1,0.875,0.5,0.5,1.0,0.125,0.6904761904761904,4.0,1,1.0,1,1.0,1.0,0.0,1.0,0.0,1.0,4.333333333333333,21,2.6412360913437922,14.030535917364015,0.285714,0.20833350000116665,21,1.0,20,edge:5a8f1a8587f561fe8e3bc128f022508639bea7e0642064c3fe966667b63f27ee,3,2,1.0,0.0,0.0,0.0,0.30952380952380965,0.15476190476190488,0.032242089285894865
passive-arc-measurements-v1,network-S,S,7,7,network-S:turn:7,conversation:network-S:0,7,7,False,3,False,False,True,1.0,2,0.5,1,1.0,0.5,0.5,1.0,0.09090909090909094,0.6190476190476191,2.6666666666666665,1,1.0,1,1.0,1.0,0.0,1.0,0.0,1.0,2.6666666666666665,21,2.6412360913437922,14.030535917364015,0.285714,0.22948879248852438,21,1.0,20,edge:fb8c132a45f906941cb4f51d34459655cb9b959f9617e2dbbe7d144fd0ce7034,2,1,1.0,0.0,0.0,0.0,0.38095238095238093,0.19047619047619047,0.043712150950195115
passive-arc-measurements-v1,network-S,S,8,8,network-S:turn:8,conversation:network-S:0,8,8,False,3,False,False,True,1.0,0,,0,1.0,,,1.0,0.0,,0.6666666666666666,0,,0,1.0,,,1.0,0.0,,0.6666666666666666,21,2.6412360913437922,14.030535917364015,0.285714,0.3027344951172911,21,1.0,20,edge:61cbbda56a8a7f838073244fb5dfccd7ce16ed8ce228210069d8478d0685ff7b,2,1,1.0,0.0,0.0,0.0,,,
passive-arc-measurements-v1,network-S,S,9,9,network-S:turn:9,conversation:network-S:0,9,9,False,3,False,False,True,1.0,0,,0,,,,1.0,0.0,,0.3333333333333333,0,,0,,,,1.0,0.0,,0.3333333333333333,21,2.6412360913437922,14.030535917364015,0.285714,0.4150002520002952,21,1.0,20,edge:ad465c09997ebc13616fb2ce2be59128934ff2705c7101ebf72c1b8061058999,2,2,1.0,0.0,0.0,0.0,,,
passive-arc-measurements-v1,network-S,S,10,10,network-S:turn:10,conversation:network-S:0,10,10,False,3,False,False,True,1.0,0,,0,,,,1.0,,,0.0,0,,0,,,,1.0,,,0.0,21,2.6412360913437922,14.030535917364015,0.285714,1.0,21,1.0,20,edge:fb8c132a45f906941cb4f51d34459655cb9b959f9617e2dbbe7d144fd0ce7034,2,1,1.0,0.0,0.0,0.0,,,
