case_id,prompt_id,repeat,expected_class,reading,correct_clear,wall_seconds,observation_wall_seconds,input_tokens,output_tokens,unavailable_reason,conversation,arc_id,turn,ordinal,accepted_turn_id,arc_age,context_activation_total,context_positive_coverage,context_hhi,history_entropy_nats,history_effective_count,history_context_tv,gemma_word_count,participant_quantities_new_fraction,gemma_phrases_recent_max_jaccard,gemma_content_new_fraction,normal_response_output_tokens,normal_response_finish_reason
q01,binary_a,1,progress,progress,True,0.31101001519709826,0.7875825399532914,329,2,,q01,q01,5,4,q01:5,5,,,,,,,24,0.5,0.0,0.9230769230769231,,
q02,binary_a,1,progress,progress,True,1.3500700781587511,1.5653660139068961,293,2,,q02,q02,5,4,q02:5,5,,,,,,,19,1.0,0.0,0.8,,
q03,binary_a,1,circling,circling,True,0.25912981503643095,0.4678376140072942,221,2,,q03,q03,5,4,q03:5,5,,,,,,,11,,0.0,0.6666666666666666,,
q04,binary_a,1,circling,circling,True,0.33795536891557276,0.5332236972171813,227,2,,q04,q04,5,4,q04:5,5,,,,,,,11,,0.06666666666666667,0.5,,
q05,binary_a,1,progress,progress,True,0.3672283301129937,0.5831335899420083,320,2,,q05,q05,5,4,q05:5,5,,,,,,,18,0.0,0.12,0.4444444444444444,,
q06,binary_a,1,progress,progress,True,0.27858325000852346,1.5430009590927511,299,2,,q06,q06,5,4,q06:5,5,,,,,,,13,0.5,0.1,0.4444444444444444,,
q07,binary_a,1,circling,progress,False,0.2518419080879539,0.6758515348192304,230,2,,q07,q07,5,4,q07:5,5,,,,,,,11,,0.0,1.0,,
q08,binary_a,1,circling,progress,False,0.27029575780034065,0.6440793590154499,240,2,,q08,q08,5,4,q08:5,5,,,,,,,11,,0.0,0.8571428571428571,,
q09,binary_a,1,progress,progress,True,0.26239099097438157,1.886673039989546,230,2,,q09,q09,5,4,q09:5,5,,,,,,,6,,0.0,0.75,,
q10,binary_a,1,progress,progress,True,0.2808931889012456,0.47867663600482047,223,2,,q10,q10,5,4,q10:5,5,,,,,,,6,0.0,0.0,0.5,,
q11,binary_a,1,circling,progress,False,0.2674497908446938,1.5404590419493616,284,2,,q11,q11,5,4,q11:5,5,,,,,,,13,0.0,0.05263157894736842,0.5555555555555556,,
q12,binary_a,1,circling,progress,False,0.2626546958927065,0.4886917199473828,246,2,,q12,q12,5,4,q12:5,5,,,,,,,12,,0.0,0.7142857142857143,,
q13,binary_a,1,progress,progress,True,0.28762538987211883,0.47646298515610397,284,2,,q13,q13,5,4,q13:5,5,,,,,,,21,,0.0,1.0,,
q14,binary_a,1,progress,progress,True,0.30361993494443595,0.5190176081378013,316,2,,q14,q14,5,4,q14:5,5,,,,,,,26,,0.022222222222222223,0.5789473684210527,,
q15,binary_a,1,unclear,progress,,0.28541082283481956,0.4977321610786021,263,2,,q15,q15,5,4,q15:5,5,,,,,,,18,,0.0,0.8,,
q16,binary_a,1,unclear,progress,,0.26927248295396566,0.5260319239459932,255,2,,q16,q16,5,4,q16:5,5,,,,,,,16,,0.0,1.0,,
q01,binary_a,2,progress,progress,True,0.2882694040890783,0.501809730893001,329,2,,q01,q01,5,4,q01:5,5,,,,,,,24,0.5,0.0,0.9230769230769231,,
q02,binary_a,2,progress,progress,True,0.27071708301082253,0.513456551823765,293,2,,q02,q02,5,4,q02:5,5,,,,,,,19,1.0,0.0,0.8,,
q03,binary_a,2,circling,circling,True,0.24758400581777096,0.4414228699170053,221,2,,q03,q03,5,4,q03:5,5,,,,,,,11,,0.0,0.6666666666666666,,
q04,binary_a,2,circling,circling,True,0.26657484099268913,0.4709513238631189,227,2,,q04,q04,5,4,q04:5,5,,,,,,,11,,0.06666666666666667,0.5,,
q05,binary_a,2,progress,progress,True,0.2842130218632519,0.5217624718789011,320,2,,q05,q05,5,4,q05:5,5,,,,,,,18,0.0,0.12,0.4444444444444444,,
q06,binary_a,2,progress,progress,True,0.27708127605728805,0.47264095582067966,299,2,,q06,q06,5,4,q06:5,5,,,,,,,13,0.5,0.1,0.4444444444444444,,
q07,binary_a,2,circling,progress,False,0.2500306791625917,0.8320955380331725,230,2,,q07,q07,5,4,q07:5,5,,,,,,,11,,0.0,1.0,,
q08,binary_a,2,circling,progress,False,0.26826122705824673,0.48818293400108814,240,2,,q08,q08,5,4,q08:5,5,,,,,,,11,,0.0,0.8571428571428571,,
q09,binary_a,2,progress,progress,True,0.25003164215013385,0.46511976211331785,230,2,,q09,q09,5,4,q09:5,5,,,,,,,6,,0.0,0.75,,
q10,binary_a,2,progress,progress,True,0.252846929943189,0.4592842059209943,223,2,,q10,q10,5,4,q10:5,5,,,,,,,6,0.0,0.0,0.5,,
q11,binary_a,2,circling,progress,False,0.2732529758941382,0.4707586672157049,284,2,,q11,q11,5,4,q11:5,5,,,,,,,13,0.0,0.05263157894736842,0.5555555555555556,,
q12,binary_a,2,circling,progress,False,0.26742078782990575,0.499217287870124,246,2,,q12,q12,5,4,q12:5,5,,,,,,,12,,0.0,0.7142857142857143,,
q13,binary_a,2,progress,progress,True,0.2751308858860284,0.4753024731762707,284,2,,q13,q13,5,4,q13:5,5,,,,,,,21,,0.0,1.0,,
q14,binary_a,2,progress,progress,True,0.2893923500087112,0.48897270183078945,316,2,,q14,q14,5,4,q14:5,5,,,,,,,26,,0.022222222222222223,0.5789473684210527,,
q15,binary_a,2,unclear,progress,,0.270933018065989,0.4627672641072422,263,2,,q15,q15,5,4,q15:5,5,,,,,,,18,,0.0,0.8,,
q16,binary_a,2,unclear,progress,,0.26545446715317667,0.8837231970392168,255,2,,q16,q16,5,4,q16:5,5,,,,,,,16,,0.0,1.0,,
q01,binary_b,1,progress,progress,True,0.3160138681996614,0.6170461508445442,327,2,,q01,q01,5,4,q01:5,5,,,,,,,24,0.5,0.0,0.9230769230769231,,
q02,binary_b,1,progress,progress,True,0.2772657508030534,0.48309281491674483,291,2,,q02,q02,5,4,q02:5,5,,,,,,,19,1.0,0.0,0.8,,
q03,binary_b,1,circling,progress,False,0.2507164650596678,0.4721280799712986,219,2,,q03,q03,5,4,q03:5,5,,,,,,,11,,0.0,0.6666666666666666,,
q04,binary_b,1,circling,progress,False,0.2774307020008564,0.49688014294952154,225,2,,q04,q04,5,4,q04:5,5,,,,,,,11,,0.06666666666666667,0.5,,
q05,binary_b,1,progress,progress,True,0.29893105709925294,0.5180924949236214,318,2,,q05,q05,5,4,q05:5,5,,,,,,,18,0.0,0.12,0.4444444444444444,,
q06,binary_b,1,progress,progress,True,0.6178838999476284,0.8152069461066276,297,2,,q06,q06,5,4,q06:5,5,,,,,,,13,0.5,0.1,0.4444444444444444,,
q07,binary_b,1,circling,progress,False,0.26818558503873646,0.47877813200466335,228,2,,q07,q07,5,4,q07:5,5,,,,,,,11,,0.0,1.0,,
q08,binary_b,1,circling,progress,False,0.26242549205198884,0.4586001180578023,238,2,,q08,q08,5,4,q08:5,5,,,,,,,11,,0.0,0.8571428571428571,,
q09,binary_b,1,progress,progress,True,0.2612140451092273,0.4692762999329716,228,2,,q09,q09,5,4,q09:5,5,,,,,,,6,,0.0,0.75,,
q10,binary_b,1,progress,progress,True,0.2593908740673214,0.5170816930476576,221,2,,q10,q10,5,4,q10:5,5,,,,,,,6,0.0,0.0,0.5,,
q11,binary_b,1,circling,progress,False,0.2798878070898354,0.4951042227912694,282,2,,q11,q11,5,4,q11:5,5,,,,,,,13,0.0,0.05263157894736842,0.5555555555555556,,
q12,binary_b,1,circling,progress,False,1.3105570098850876,1.5137761819642037,244,2,,q12,q12,5,4,q12:5,5,,,,,,,12,,0.0,0.7142857142857143,,
q13,binary_b,1,progress,progress,True,0.28698318009264767,0.4987575439736247,282,2,,q13,q13,5,4,q13:5,5,,,,,,,21,,0.0,1.0,,
q14,binary_b,1,progress,progress,True,0.2952850030269474,0.5070013829972595,314,2,,q14,q14,5,4,q14:5,5,,,,,,,26,,0.022222222222222223,0.5789473684210527,,
q15,binary_b,1,unclear,progress,,0.27875939500518143,0.4989850379060954,261,2,,q15,q15,5,4,q15:5,5,,,,,,,18,,0.0,0.8,,
q16,binary_b,1,unclear,progress,,0.273020459106192,0.5059839319437742,253,2,,q16,q16,5,4,q16:5,5,,,,,,,16,,0.0,1.0,,
q01,binary_b,2,progress,progress,True,0.28111562109552324,0.47145589999854565,327,2,,q01,q01,5,4,q01:5,5,,,,,,,24,0.5,0.0,0.9230769230769231,,
q02,binary_b,2,progress,progress,True,0.2888918109238148,0.5200728219933808,291,2,,q02,q02,5,4,q02:5,5,,,,,,,19,1.0,0.0,0.8,,
q03,binary_b,2,circling,progress,False,0.248175015905872,0.44410427706316113,219,2,,q03,q03,5,4,q03:5,5,,,,,,,11,,0.0,0.6666666666666666,,
q04,binary_b,2,circling,progress,False,0.24570644204504788,0.4745120629668236,225,2,,q04,q04,5,4,q04:5,5,,,,,,,11,,0.06666666666666667,0.5,,
q05,binary_b,2,progress,progress,True,0.28184392396360636,0.5438555940054357,318,2,,q05,q05,5,4,q05:5,5,,,,,,,18,0.0,0.12,0.4444444444444444,,
q06,binary_b,2,progress,progress,True,1.3075291798450053,1.5389293730258942,297,2,,q06,q06,5,4,q06:5,5,,,,,,,13,0.5,0.1,0.4444444444444444,,
q07,binary_b,2,circling,progress,False,0.25684904307127,0.4525146367959678,228,2,,q07,q07,5,4,q07:5,5,,,,,,,11,,0.0,1.0,,
q08,binary_b,2,circling,progress,False,0.26444087317213416,0.4599625780247152,238,2,,q08,q08,5,4,q08:5,5,,,,,,,11,,0.0,0.8571428571428571,,
q09,binary_b,2,progress,progress,True,0.2449088771827519,0.4296161311212927,228,2,,q09,q09,5,4,q09:5,5,,,,,,,6,,0.0,0.75,,
q10,binary_b,2,progress,progress,True,0.2408954370766878,0.5146005870774388,221,2,,q10,q10,5,4,q10:5,5,,,,,,,6,0.0,0.0,0.5,,
q11,binary_b,2,circling,progress,False,0.2665656020399183,0.4655898481141776,282,2,,q11,q11,5,4,q11:5,5,,,,,,,13,0.0,0.05263157894736842,0.5555555555555556,,
q12,binary_b,2,circling,progress,False,0.2554669510573149,0.5168823020067066,244,2,,q12,q12,5,4,q12:5,5,,,,,,,12,,0.0,0.7142857142857143,,
q13,binary_b,2,progress,progress,True,0.2644047869835049,0.4667820220347494,282,2,,q13,q13,5,4,q13:5,5,,,,,,,21,,0.0,1.0,,
q14,binary_b,2,progress,progress,True,0.2795924369711429,0.4946041919756681,314,2,,q14,q14,5,4,q14:5,5,,,,,,,26,,0.022222222222222223,0.5789473684210527,,
q15,binary_b,2,unclear,progress,,0.26144283707253635,0.4630078070331365,261,2,,q15,q15,5,4,q15:5,5,,,,,,,18,,0.0,0.8,,
q16,binary_b,2,unclear,progress,,0.2632646821439266,0.48545763292349875,253,2,,q16,q16,5,4,q16:5,5,,,,,,,16,,0.0,1.0,,
q01,ternary_a,1,progress,progress,True,0.2924068430438638,0.5507533370982856,332,2,,q01,q01,5,4,q01:5,5,,,,,,,24,0.5,0.0,0.9230769230769231,,
q02,ternary_a,1,progress,progress,True,0.27396404300816357,1.5695399129763246,296,2,,q02,q02,5,4,q02:5,5,,,,,,,19,1.0,0.0,0.8,,
q03,ternary_a,1,circling,unclear,False,0.25658942898735404,0.46966064092703164,224,2,,q03,q03,5,4,q03:5,5,,,,,,,11,,0.0,0.6666666666666666,,
q04,ternary_a,1,circling,unclear,False,0.2607685390394181,0.4717577500268817,230,2,,q04,q04,5,4,q04:5,5,,,,,,,11,,0.06666666666666667,0.5,,
q05,ternary_a,1,progress,progress,True,0.30145523184910417,0.4935741440858692,323,2,,q05,q05,5,4,q05:5,5,,,,,,,18,0.0,0.12,0.4444444444444444,,
q06,ternary_a,1,progress,progress,True,0.2911299120169133,0.878753004129976,302,2,,q06,q06,5,4,q06:5,5,,,,,,,13,0.5,0.1,0.4444444444444444,,
q07,ternary_a,1,circling,unclear,False,0.2801703838631511,0.4678995069116354,233,2,,q07,q07,5,4,q07:5,5,,,,,,,11,,0.0,1.0,,
q08,ternary_a,1,circling,progress,False,0.27852222812362015,0.5188752531539649,243,2,,q08,q08,5,4,q08:5,5,,,,,,,11,,0.0,0.8571428571428571,,
q09,ternary_a,1,progress,progress,True,0.27956617600284517,0.4944788650609553,233,2,,q09,q09,5,4,q09:5,5,,,,,,,6,,0.0,0.75,,
q10,ternary_a,1,progress,progress,True,0.26216001785360277,0.46300712204538286,226,2,,q10,q10,5,4,q10:5,5,,,,,,,6,0.0,0.0,0.5,,
q11,ternary_a,1,circling,progress,False,1.2925855598878115,1.5110353538766503,287,2,,q11,q11,5,4,q11:5,5,,,,,,,13,0.0,0.05263157894736842,0.5555555555555556,,
q12,ternary_a,1,circling,progress,False,0.2754417301621288,1.555941975908354,249,2,,q12,q12,5,4,q12:5,5,,,,,,,12,,0.0,0.7142857142857143,,
q13,ternary_a,1,progress,unclear,False,0.2893931260332465,0.5078892558813095,287,2,,q13,q13,5,4,q13:5,5,,,,,,,21,,0.0,1.0,,
q14,ternary_a,1,progress,progress,True,0.2937973199877888,0.49976852210238576,319,2,,q14,q14,5,4,q14:5,5,,,,,,,26,,0.022222222222222223,0.5789473684210527,,
q15,ternary_a,1,unclear,unclear,,0.27431632904335856,0.4788163788616657,266,2,,q15,q15,5,4,q15:5,5,,,,,,,18,,0.0,0.8,,
q16,ternary_a,1,unclear,progress,,1.295776299899444,1.4969974448904395,258,2,,q16,q16,5,4,q16:5,5,,,,,,,16,,0.0,1.0,,
q01,ternary_a,2,progress,progress,True,0.2910333340987563,0.4802514191251248,332,2,,q01,q01,5,4,q01:5,5,,,,,,,24,0.5,0.0,0.9230769230769231,,
q02,ternary_a,2,progress,progress,True,0.29879217594861984,0.5085638950113207,296,2,,q02,q02,5,4,q02:5,5,,,,,,,19,1.0,0.0,0.8,,
q03,ternary_a,2,circling,unclear,False,0.2532611070200801,0.48138299002312124,224,2,,q03,q03,5,4,q03:5,5,,,,,,,11,,0.0,0.6666666666666666,,
q04,ternary_a,2,circling,unclear,False,0.3317289808765054,0.5484528599772602,230,2,,q04,q04,5,4,q04:5,5,,,,,,,11,,0.06666666666666667,0.5,,
q05,ternary_a,2,progress,progress,True,0.27539250697009265,0.48910096008330584,323,2,,q05,q05,5,4,q05:5,5,,,,,,,18,0.0,0.12,0.4444444444444444,,
q06,ternary_a,2,progress,progress,True,0.27676083613187075,0.4874602360650897,302,2,,q06,q06,5,4,q06:5,5,,,,,,,13,0.5,0.1,0.4444444444444444,,
q07,ternary_a,2,circling,unclear,False,0.2702543269842863,0.5126955390442163,233,2,,q07,q07,5,4,q07:5,5,,,,,,,11,,0.0,1.0,,
q08,ternary_a,2,circling,progress,False,1.2874152588192374,2.5418656959664077,243,2,,q08,q08,5,4,q08:5,5,,,,,,,11,,0.0,0.8571428571428571,,
q09,ternary_a,2,progress,progress,True,0.27472034003585577,1.545965274097398,233,2,,q09,q09,5,4,q09:5,5,,,,,,,6,,0.0,0.75,,
q10,ternary_a,2,progress,progress,True,0.24518093187361956,0.4354950380511582,226,2,,q10,q10,5,4,q10:5,5,,,,,,,6,0.0,0.0,0.5,,
q11,ternary_a,2,circling,progress,False,0.27408157219178975,0.5661750170402229,287,2,,q11,q11,5,4,q11:5,5,,,,,,,13,0.0,0.05263157894736842,0.5555555555555556,,
q12,ternary_a,2,circling,progress,False,0.2623215029016137,0.4967775479890406,249,2,,q12,q12,5,4,q12:5,5,,,,,,,12,,0.0,0.7142857142857143,,
q13,ternary_a,2,progress,unclear,False,0.28212233795784414,0.48769851704128087,287,2,,q13,q13,5,4,q13:5,5,,,,,,,21,,0.0,1.0,,
q14,ternary_a,2,progress,progress,True,0.2867187720257789,0.48606040282174945,319,2,,q14,q14,5,4,q14:5,5,,,,,,,26,,0.022222222222222223,0.5789473684210527,,
q15,ternary_a,2,unclear,unclear,,0.26324863103218377,0.46684956504032016,266,2,,q15,q15,5,4,q15:5,5,,,,,,,18,,0.0,0.8,,
q16,ternary_a,2,unclear,progress,,0.24962030304595828,0.4567075711674988,258,2,,q16,q16,5,4,q16:5,5,,,,,,,16,,0.0,1.0,,
q01,ternary_b,1,progress,progress,True,0.29286711919121444,0.5064085950143635,336,2,,q01,q01,5,4,q01:5,5,,,,,,,24,0.5,0.0,0.9230769230769231,,
q02,ternary_b,1,progress,progress,True,0.3028720999136567,0.5362565738614649,300,2,,q02,q02,5,4,q02:5,5,,,,,,,19,1.0,0.0,0.8,,
q03,ternary_b,1,circling,progress,False,0.2625813379418105,0.47599783493205905,228,2,,q03,q03,5,4,q03:5,5,,,,,,,11,,0.0,0.6666666666666666,,
q04,ternary_b,1,circling,progress,False,0.2570714701432735,0.4780606748536229,234,2,,q04,q04,5,4,q04:5,5,,,,,,,11,,0.06666666666666667,0.5,,
q05,ternary_b,1,progress,progress,True,0.3115248391404748,0.5390653589274734,327,2,,q05,q05,5,4,q05:5,5,,,,,,,18,0.0,0.12,0.4444444444444444,,
q06,ternary_b,1,progress,progress,True,0.32267048000358045,0.5266312479507178,306,2,,q06,q06,5,4,q06:5,5,,,,,,,13,0.5,0.1,0.4444444444444444,,
q07,ternary_b,1,circling,progress,False,0.31191693781875074,0.5810205799061805,237,2,,q07,q07,5,4,q07:5,5,,,,,,,11,,0.0,1.0,,
q08,ternary_b,1,circling,progress,False,0.25884117698296905,1.5351128729525954,247,2,,q08,q08,5,4,q08:5,5,,,,,,,11,,0.0,0.8571428571428571,,
q09,ternary_b,1,progress,progress,True,0.27147097303532064,0.48254690505564213,237,2,,q09,q09,5,4,q09:5,5,,,,,,,6,,0.0,0.75,,
q10,ternary_b,1,progress,progress,True,0.26034916192293167,0.45948853879235685,230,2,,q10,q10,5,4,q10:5,5,,,,,,,6,0.0,0.0,0.5,,
q11,ternary_b,1,circling,progress,False,0.286322029074654,0.4782653860747814,291,2,,q11,q11,5,4,q11:5,5,,,,,,,13,0.0,0.05263157894736842,0.5555555555555556,,
q12,ternary_b,1,circling,progress,False,0.272675524931401,0.4812505510635674,253,2,,q12,q12,5,4,q12:5,5,,,,,,,12,,0.0,0.7142857142857143,,
q13,ternary_b,1,progress,progress,True,0.29300488508306444,0.5598648320883512,291,2,,q13,q13,5,4,q13:5,5,,,,,,,21,,0.0,1.0,,
q14,ternary_b,1,progress,progress,True,0.30581658403389156,0.5099493588786572,323,2,,q14,q14,5,4,q14:5,5,,,,,,,26,,0.022222222222222223,0.5789473684210527,,
q15,ternary_b,1,unclear,progress,,0.289299129974097,0.5771804961841553,270,2,,q15,q15,5,4,q15:5,5,,,,,,,18,,0.0,0.8,,
q16,ternary_b,1,unclear,progress,,0.27751325303688645,0.4935986050404608,262,2,,q16,q16,5,4,q16:5,5,,,,,,,16,,0.0,1.0,,
q01,ternary_b,2,progress,progress,True,0.2944706289563328,0.5163727309554815,336,2,,q01,q01,5,4,q01:5,5,,,,,,,24,0.5,0.0,0.9230769230769231,,
q02,ternary_b,2,progress,progress,True,0.2866132918279618,0.499859452014789,300,2,,q02,q02,5,4,q02:5,5,,,,,,,19,1.0,0.0,0.8,,
q03,ternary_b,2,circling,progress,False,0.2655755968298763,0.5895488811656833,228,2,,q03,q03,5,4,q03:5,5,,,,,,,11,,0.0,0.6666666666666666,,
q04,ternary_b,2,circling,progress,False,0.3419611679855734,0.5523009619209915,234,2,,q04,q04,5,4,q04:5,5,,,,,,,11,,0.06666666666666667,0.5,,
q05,ternary_b,2,progress,progress,True,0.3184148808941245,0.5156887210905552,327,2,,q05,q05,5,4,q05:5,5,,,,,,,18,0.0,0.12,0.4444444444444444,,
q06,ternary_b,2,progress,progress,True,0.28669140697456896,0.5375430369749665,306,2,,q06,q06,5,4,q06:5,5,,,,,,,13,0.5,0.1,0.4444444444444444,,
q07,ternary_b,2,circling,progress,False,0.24655462405644357,0.4545675159897655,237,2,,q07,q07,5,4,q07:5,5,,,,,,,11,,0.0,1.0,,
q08,ternary_b,2,circling,progress,False,0.27002005791291595,0.47411557100713253,247,2,,q08,q08,5,4,q08:5,5,,,,,,,11,,0.0,0.8571428571428571,,
q09,ternary_b,2,progress,progress,True,0.2535475280601531,0.4571949699893594,237,2,,q09,q09,5,4,q09:5,5,,,,,,,6,,0.0,0.75,,
q10,ternary_b,2,progress,progress,True,0.25272767315618694,0.46034448500722647,230,2,,q10,q10,5,4,q10:5,5,,,,,,,6,0.0,0.0,0.5,,
q11,ternary_b,2,circling,progress,False,0.3279453569557518,0.5282344392035156,291,2,,q11,q11,5,4,q11:5,5,,,,,,,13,0.0,0.05263157894736842,0.5555555555555556,,
q12,ternary_b,2,circling,progress,False,0.2709777569398284,0.4717161438893527,253,2,,q12,q12,5,4,q12:5,5,,,,,,,12,,0.0,0.7142857142857143,,
q13,ternary_b,2,progress,progress,True,0.2716272010002285,0.49370641889981925,291,2,,q13,q13,5,4,q13:5,5,,,,,,,21,,0.0,1.0,,
q14,ternary_b,2,progress,progress,True,0.28861891897395253,0.5000348398461938,323,2,,q14,q14,5,4,q14:5,5,,,,,,,26,,0.022222222222222223,0.5789473684210527,,
q15,ternary_b,2,unclear,progress,,0.2702972460538149,1.5316671500913799,270,2,,q15,q15,5,4,q15:5,5,,,,,,,18,,0.0,0.8,,
q16,ternary_b,2,unclear,progress,,0.2701732791028917,1.5187834228854626,262,2,,q16,q16,5,4,q16:5,5,,,,,,,16,,0.0,1.0,,
