branch,thread,gemma_outputs,visible_output_tokens,extraction_proposals,admitted_relationships,rejected_relationships,proposal_per_1000_output_tokens,admitted_per_1000_output_tokens,rejected_per_1000_output_tokens,admission_rate,rejection_rate,empty_extractions,partial_extractions,all_rejected_extractions,new_unique_edges,recurrence_events,cumulative_unique_edges,new_unique_concepts,cumulative_unique_concepts,admitted_semantic_duplicates,credit_eligible_observations,positive_credit_events,credited_amount,accepted_operations,graph_revision_max
OFF,1,4,815,13,2,11,15.9509,2.454,13.4969,0.153846,0.846154,1,1,2,2,0,2,4,4,0,2,2,80000,1,1
OFF,2,4,1325,21,6,15,15.8491,4.5283,11.3208,0.285714,0.714286,0,2,2,6,0,8,8,12,0,6,6,160000,2,3
OFF,3,4,857,18,11,7,21.0035,12.8355,8.168,0.611111,0.388889,1,2,0,11,0,19,7,19,0,11,11,240000,3,6
OFF,4,4,1269,17,7,10,13.3964,5.5162,7.8802,0.411765,0.588235,0,1,2,7,0,26,8,27,0,7,7,160000,2,8
OFF,5,4,725,9,4,5,12.4138,5.5172,6.8966,0.444444,0.555556,0,0,2,4,0,30,4,31,0,4,4,160000,2,10
OFF,6,4,1647,8,2,6,4.8573,1.2143,3.643,0.25,0.75,0,0,3,2,0,32,3,34,0,2,2,80000,1,11
OFF,7,4,1273,8,0,8,6.2844,0.0,6.2844,0.0,1.0,1,0,3,0,0,32,0,34,0,0,0,0,0,11
OFF,8,4,1115,6,1,5,5.3812,0.8969,4.4843,0.166667,0.833333,1,0,2,1,0,33,2,36,0,1,1,80000,1,12
OFF,9,4,1220,7,2,5,5.7377,1.6393,4.0984,0.285714,0.714286,0,0,3,2,0,35,3,39,0,2,2,80000,1,13
OFF,10,4,1013,5,2,3,4.9358,1.9743,2.9615,0.4,0.6,1,0,2,2,0,37,1,40,0,2,2,80000,1,14
OFF,11,4,1594,12,2,10,7.5282,1.2547,6.2735,0.166667,0.833333,0,0,3,2,0,39,3,43,0,2,2,80000,1,15
OFF,12,4,1034,12,4,8,11.6054,3.8685,7.7369,0.333333,0.666667,2,0,1,4,0,43,5,48,0,4,4,80000,1,16
OFF,13,4,1313,12,4,8,9.1394,3.0465,6.0929,0.333333,0.666667,0,0,3,4,0,47,3,51,0,4,4,80000,1,17
OFF,14,4,1429,5,0,5,3.499,0.0,3.499,0.0,1.0,1,0,3,0,0,47,0,51,0,0,0,0,0,17
OFF,15,4,1342,13,2,11,9.687,1.4903,8.1967,0.153846,0.846154,0,0,3,2,0,49,3,54,0,2,2,80000,1,18
OFF,16,4,898,10,5,5,11.1359,5.5679,5.5679,0.5,0.5,0,4,0,5,0,54,7,61,0,5,5,320000,4,22
OFF,17,4,974,18,3,15,18.4805,3.0801,15.4004,0.166667,0.833333,0,1,2,3,0,57,6,67,0,3,3,160000,2,24
OFF,18,4,1589,15,1,14,9.4399,0.6293,8.8106,0.066667,0.933333,0,1,3,1,0,58,2,69,0,1,1,80000,1,25
OFF,19,4,1594,11,2,9,6.9009,1.2547,5.6462,0.181818,0.818182,0,1,2,2,0,60,4,73,0,2,2,160000,2,27
OFF,20,4,1420,18,5,13,12.6761,3.5211,9.1549,0.277778,0.722222,0,2,2,5,0,65,7,80,0,5,5,160000,2,29
OFF,21,4,1140,4,2,2,3.5088,1.7544,1.7544,0.5,0.5,1,0,2,2,0,67,2,82,0,2,2,80000,1,30
OFF,22,4,1446,22,4,18,15.2144,2.7663,12.4481,0.181818,0.818182,0,1,2,4,0,71,7,89,0,4,4,160000,2,32
OFF,23,4,1395,9,2,7,6.4516,1.4337,5.0179,0.222222,0.777778,1,0,2,2,0,73,4,93,0,2,2,80000,1,33
OFF,24,4,1209,31,2,29,25.641,1.6543,23.9868,0.064516,0.935484,0,0,3,2,0,75,2,95,0,2,2,80000,1,34
OFF,25,4,1019,19,6,13,18.6457,5.8881,12.7576,0.315789,0.684211,0,2,1,6,0,81,7,102,0,6,6,240000,3,37
ON,1,4,2518,27,0,27,10.7228,0.0,10.7228,0.0,1.0,0,0,4,0,0,0,0,0,0,0,0,0,0,0
ON,2,4,4163,18,1,17,4.3238,0.2402,4.0836,0.055556,0.944444,0,1,3,1,0,1,2,2,0,1,1,80000,1,1
ON,3,4,2826,13,9,4,4.6001,3.1847,1.4154,0.692308,0.307692,0,2,0,9,0,10,13,15,0,9,9,320000,4,5
ON,4,4,4006,17,4,13,4.2436,0.9985,3.2451,0.235294,0.764706,0,1,3,4,0,14,5,20,0,4,4,80000,1,6
ON,5,4,2066,12,1,11,5.8083,0.484,5.3243,0.083333,0.916667,0,0,3,1,0,15,2,22,0,1,1,80000,1,7
ON,6,4,4881,8,0,8,1.639,0.0,1.639,0.0,1.0,2,0,2,0,0,15,0,22,0,0,0,0,0,7
ON,7,4,4214,1,0,1,0.2373,0.0,0.2373,0.0,1.0,3,0,1,0,0,15,0,22,0,0,0,0,0,7
ON,8,4,4070,6,1,5,1.4742,0.2457,1.2285,0.166667,0.833333,0,0,3,1,0,16,2,24,0,1,1,80000,1,8
ON,9,4,3467,19,0,19,5.4802,0.0,5.4802,0.0,1.0,0,0,4,0,0,16,0,24,0,0,0,0,0,8
ON,10,4,3701,20,4,16,5.4039,1.0808,4.3232,0.2,0.8,0,1,3,4,0,20,4,28,0,4,4,80000,1,9
ON,11,4,4149,23,2,21,5.5435,0.482,5.0615,0.086957,0.913043,0,1,3,2,0,22,3,31,0,2,2,80000,1,10
ON,12,4,3771,8,3,5,2.1215,0.7955,1.3259,0.375,0.625,1,0,2,3,0,25,5,36,0,3,3,80000,1,11
ON,13,4,3953,14,0,14,3.5416,0.0,3.5416,0.0,1.0,0,0,4,0,0,25,0,36,0,0,0,0,0,11
ON,14,4,3815,8,0,8,2.097,0.0,2.097,0.0,1.0,0,0,4,0,0,25,0,36,0,0,0,0,0,11
ON,15,4,3882,5,2,3,1.288,0.5152,0.7728,0.4,0.6,1,0,2,2,0,27,4,40,0,2,2,80000,1,12
ON,16,4,3076,23,2,21,7.4772,0.6502,6.827,0.086957,0.913043,0,0,3,2,0,29,3,43,0,2,2,80000,1,13
ON,17,4,3706,11,2,9,2.9682,0.5397,2.4285,0.181818,0.818182,0,0,3,2,0,31,3,46,0,2,2,80000,1,14
ON,18,4,4190,12,3,9,2.864,0.716,2.148,0.25,0.75,1,1,2,3,0,34,5,51,0,3,3,80000,1,15
ON,19,4,4153,8,0,8,1.9263,0.0,1.9263,0.0,1.0,0,0,4,0,0,34,0,51,0,0,0,0,0,15
ON,20,4,4672,18,0,18,3.8527,0.0,3.8527,0.0,1.0,1,0,3,0,0,34,0,51,0,0,0,0,0,15
ON,21,4,3473,10,4,6,2.8794,1.1517,1.7276,0.4,0.6,1,1,1,4,0,38,6,57,0,4,4,160000,2,17
ON,22,4,3860,3,0,3,0.7772,0.0,0.7772,0.0,1.0,1,0,3,0,0,38,0,57,0,0,0,0,0,17
ON,23,4,3971,10,0,10,2.5183,0.0,2.5183,0.0,1.0,0,0,4,0,0,38,0,57,0,0,0,0,0,17
ON,24,4,3372,14,1,13,4.1518,0.2966,3.8553,0.071429,0.928571,0,1,3,1,0,39,2,59,0,1,1,80000,1,18
ON,25,4,3679,7,3,4,1.9027,0.8154,1.0873,0.428571,0.571429,1,1,2,3,0,42,3,62,0,3,3,80000,1,19
