measurement_version,conversation,turn,ordinal,arc_id,accepted_turn_id,arc_age,arc_pivot,window,prior_turn_count,window_complete,participant_word_count,participant_quantities_count,participant_quantities_new_count,participant_quantities_new_fraction,participant_quantities_recent_max_jaccard,participant_quantities_new_per_100_words,participant_states_count,participant_states_new_count,participant_states_new_fraction,participant_states_recent_max_jaccard,participant_states_new_per_100_words,participant_content_count,participant_content_new_count,participant_content_new_fraction,participant_content_recent_max_jaccard,participant_content_new_per_100_words,participant_phrases_count,participant_phrases_new_count,participant_phrases_new_fraction,participant_phrases_recent_max_jaccard,participant_phrases_new_per_100_words,gemma_word_count,gemma_quantities_count,gemma_quantities_new_count,gemma_quantities_new_fraction,gemma_quantities_recent_max_jaccard,gemma_quantities_new_per_100_words,gemma_states_count,gemma_states_new_count,gemma_states_new_fraction,gemma_states_recent_max_jaccard,gemma_states_new_per_100_words,gemma_content_count,gemma_content_new_count,gemma_content_new_fraction,gemma_content_recent_max_jaccard,gemma_content_new_per_100_words,gemma_phrases_count,gemma_phrases_new_count,gemma_phrases_new_fraction,gemma_phrases_recent_max_jaccard,gemma_phrases_new_per_100_words,echo_quantities_same_fraction,echo_quantities_same_denominator,echo_quantities_lag1_fraction,echo_quantities_lag1_denominator,echo_states_same_fraction,echo_states_same_denominator,echo_states_lag1_fraction,echo_states_lag1_denominator,echo_content_same_fraction,echo_content_same_denominator,echo_content_lag1_fraction,echo_content_lag1_denominator,echo_phrases_same_fraction,echo_phrases_same_denominator,echo_phrases_lag1_fraction,echo_phrases_lag1_denominator,domain,pattern,environment,planned_opportunity,environment_valid,attempt,response_capped,finish_reason,output_tokens,recorded_gemma_words,recorded_participant_words
movement-closure-v1,p002,1,1,conversation:p002:0,p002:turn:1,1,False,3,0,False,32,0,,,,,2,,,,,18,,,,,30,,,,,362,2,,,,,16,,,,,105,,,,,338,,,,,,,,,,,,,,,,,,,,,network,static,static,static unresolved concern; model behavior unconstrained,True,p002,False,stop,549,354,30
movement-closure-v1,p002,1,1,conversation:p002:0,p002:turn:1,1,False,5,0,False,32,0,,,,,2,,,,,18,,,,,30,,,,,362,2,,,,,16,,,,,105,,,,,338,,,,,,,,,,,,,,,,,,,,,network,static,static,static unresolved concern; model behavior unconstrained,True,p002,False,stop,549,354,30
movement-closure-v1,p003,1,1,conversation:p003:0,p003:turn:1,1,False,3,0,False,32,0,,,,,2,,,,,18,,,,,30,,,,,325,3,,,,,13,,,,,99,,,,,299,,,,,,,,,,,,,,,,,,,,,network,moving,moving,moving evidence; possible model fixation is an observation,True,p003,False,stop,455,329,30
movement-closure-v1,p003,1,1,conversation:p003:0,p003:turn:1,1,False,5,0,False,32,0,,,,,2,,,,,18,,,,,30,,,,,325,3,,,,,13,,,,,99,,,,,299,,,,,,,,,,,,,,,,,,,,,network,moving,moving,moving evidence; possible model fixation is an observation,True,p003,False,stop,455,329,30
movement-closure-v1,p003,2,2,conversation:p003:0,p003:turn:2,2,False,3,1,False,25,2,2,1.0,0.0,8.0,0,0,,0.0,0.0,12,10,0.8333333333333334,0.07142857142857142,40.0,23,23,1.0,0.0,92.0,233,2,2,1.0,0.0,0.8583690987124464,7,7,1.0,0.0,3.004291845493562,91,49,0.5384615384615384,0.28378378378378377,21.030042918454935,225,199,0.8844444444444445,0.05220883534136546,85.4077253218884,0.5,2,,,,0,,,0.5,10,,,0.21739130434782608,23,,,network,moving,moving,moving evidence; possible model fixation is an observation,True,p003,False,stop,367,234,25
movement-closure-v1,p003,2,2,conversation:p003:0,p003:turn:2,2,False,5,1,False,25,2,2,1.0,0.0,8.0,0,0,,0.0,0.0,12,10,0.8333333333333334,0.07142857142857142,40.0,23,23,1.0,0.0,92.0,233,2,2,1.0,0.0,0.8583690987124464,7,7,1.0,0.0,3.004291845493562,91,49,0.5384615384615384,0.28378378378378377,21.030042918454935,225,199,0.8844444444444445,0.05220883534136546,85.4077253218884,0.5,2,,,,0,,,0.5,10,,,0.21739130434782608,23,,,network,moving,moving,moving evidence; possible model fixation is an observation,True,p003,False,stop,367,234,25
movement-closure-v1,p003,3,3,conversation:p003:0,p003:turn:3,3,False,3,2,False,26,3,2,0.6666666666666666,0.25,7.6923076923076925,0,0,,,0.0,13,2,0.15384615384615385,0.7857142857142857,7.6923076923076925,24,11,0.4583333333333333,0.38235294117647056,42.30769230769231,239,3,3,1.0,0.0,1.2552301255230125,6,6,1.0,0.0,2.510460251046025,88,39,0.4431818181818182,0.28776978417266186,16.317991631799163,226,191,0.8451327433628318,0.06872037914691943,79.9163179916318,1.0,2,0.5,2,,0,,0,0.5,2,0.6,10,0.2727272727272727,11,0.17391304347826086,23,network,moving,moving,moving evidence; possible model fixation is an observation,True,p003,False,stop,352,237,26
movement-closure-v1,p003,3,3,conversation:p003:0,p003:turn:3,3,False,5,2,False,26,3,2,0.6666666666666666,0.25,7.6923076923076925,0,0,,,0.0,13,2,0.15384615384615385,0.7857142857142857,7.6923076923076925,24,11,0.4583333333333333,0.38235294117647056,42.30769230769231,239,3,3,1.0,0.0,1.2552301255230125,6,6,1.0,0.0,2.510460251046025,88,39,0.4431818181818182,0.28776978417266186,16.317991631799163,226,191,0.8451327433628318,0.06872037914691943,79.9163179916318,1.0,2,0.5,2,,0,,0,0.5,2,0.6,10,0.2727272727272727,11,0.17391304347826086,23,network,moving,moving,moving evidence; possible model fixation is an observation,True,p003,False,stop,352,237,26
movement-closure-v1,p003,4,4,conversation:p003:0,p003:turn:4,4,False,3,3,True,33,2,0,0.0,0.6666666666666666,0.0,0,0,,,0.0,16,3,0.1875,0.8125,9.090909090909092,31,16,0.5161290322580645,0.375,48.484848484848484,172,2,0,0.0,0.6666666666666666,0.0,9,9,1.0,0.0,5.232558139534884,65,26,0.4,0.275,15.116279069767442,165,136,0.8242424242424242,0.05962059620596206,79.06976744186046,,0,0.5,2,,0,,0,1.0,3,0.5,2,0.4375,16,0.09090909090909091,11,network,moving,moving,moving evidence; possible model fixation is an observation,True,p003,False,stop,245,174,33
movement-closure-v1,p003,4,4,conversation:p003:0,p003:turn:4,4,False,5,3,False,33,2,0,0.0,0.6666666666666666,0.0,0,0,,,0.0,16,3,0.1875,0.8125,9.090909090909092,31,16,0.5161290322580645,0.375,48.484848484848484,172,2,0,0.0,0.6666666666666666,0.0,9,9,1.0,0.0,5.232558139534884,65,26,0.4,0.275,15.116279069767442,165,136,0.8242424242424242,0.05962059620596206,79.06976744186046,,0,0.5,2,,0,,0,1.0,3,0.5,2,0.4375,16,0.09090909090909091,11,network,moving,moving,moving evidence; possible model fixation is an observation,True,p003,False,stop,245,174,33
movement-closure-v1,p003,5,5,conversation:p003:0,p003:turn:5,5,False,3,3,True,30,3,1,0.3333333333333333,0.6666666666666666,3.3333333333333335,0,0,,,0.0,15,2,0.13333333333333333,0.75,6.666666666666667,28,10,0.35714285714285715,0.43902439024390244,33.333333333333336,182,2,1,0.5,0.3333333333333333,0.5494505494505495,3,3,1.0,0.0,1.6483516483516483,73,29,0.3972602739726027,0.3305785123966942,15.934065934065934,173,117,0.6763005780346821,0.13031161473087818,64.28571428571429,1.0,1,,0,,0,,0,0.0,2,0.0,3,0.0,10,0.0,16,network,moving,moving,moving evidence; possible model fixation is an observation,True,p003,False,stop,268,186,30
movement-closure-v1,p003,5,5,conversation:p003:0,p003:turn:5,5,False,5,4,False,30,3,1,0.3333333333333333,0.6666666666666666,3.3333333333333335,0,0,,,0.0,15,2,0.13333333333333333,0.75,6.666666666666667,28,10,0.35714285714285715,0.43902439024390244,33.333333333333336,182,2,0,0.0,0.3333333333333333,0.0,3,3,1.0,0.0,1.6483516483516483,73,26,0.3561643835616438,0.3305785123966942,14.285714285714286,173,115,0.6647398843930635,0.13031161473087818,63.18681318681319,1.0,1,,0,,0,,0,0.0,2,0.0,3,0.0,10,0.0,16,network,moving,moving,moving evidence; possible model fixation is an observation,True,p003,False,stop,268,186,30
movement-closure-v1,p003,6,6,conversation:p003:0,p003:turn:6,6,False,3,3,True,31,2,1,0.5,0.3333333333333333,3.225806451612903,0,0,,,0.0,15,0,0.0,0.9375,0.0,29,6,0.20689655172413793,0.5384615384615384,19.35483870967742,167,2,1,0.5,0.3333333333333333,0.5988023952095808,6,6,1.0,0.0,3.592814371257485,58,22,0.3793103448275862,0.33695652173913043,13.173652694610778,154,107,0.6948051948051948,0.13120567375886524,64.07185628742515,0.0,1,0.0,1,,0,,0,,0,0.0,2,0.0,6,0.0,10,network,moving,moving,moving evidence; possible model fixation is an observation,True,p003,False,stop,240,168,31
movement-closure-v1,p003,6,6,conversation:p003:0,p003:turn:6,6,False,5,5,True,31,2,1,0.5,0.3333333333333333,3.225806451612903,0,0,,,0.0,15,0,0.0,0.9375,0.0,29,6,0.20689655172413793,0.5384615384615384,19.35483870967742,167,2,1,0.5,0.3333333333333333,0.5988023952095808,6,6,1.0,0.0,3.592814371257485,58,19,0.3275862068965517,0.33695652173913043,11.377245508982035,154,107,0.6948051948051948,0.13120567375886524,64.07185628742515,0.0,1,0.0,1,,0,,0,,0,0.0,2,0.0,6,0.0,10,network,moving,moving,moving evidence; possible model fixation is an observation,True,p003,False,stop,240,168,31
movement-closure-v1,p003,7,7,conversation:p003:0,p003:turn:7,7,False,3,3,True,31,2,1,0.5,0.3333333333333333,3.225806451612903,0,0,,,0.0,15,0,0.0,1.0,0.0,29,6,0.20689655172413793,0.6571428571428571,19.35483870967742,189,5,3,0.6,0.4,1.5873015873015872,8,8,1.0,0.0,4.232804232804233,52,21,0.40384615384615385,0.34146341463414637,11.11111111111111,160,111,0.69375,0.15441176470588236,58.73015873015873,0.0,1,0.0,1,,0,,0,,0,,0,0.0,6,0.0,6,network,moving,moving,moving evidence; possible model fixation is an observation,True,p003,False,stop,282,189,31
movement-closure-v1,p003,7,7,conversation:p003:0,p003:turn:7,7,False,5,5,True,31,2,1,0.5,0.3333333333333333,3.225806451612903,0,0,,,0.0,15,0,0.0,1.0,0.0,29,6,0.20689655172413793,0.6571428571428571,19.35483870967742,189,5,3,0.6,0.4,1.5873015873015872,8,8,1.0,0.0,4.232804232804233,52,19,0.36538461538461536,0.34146341463414637,10.052910052910052,160,111,0.69375,0.15441176470588236,58.73015873015873,0.0,1,0.0,1,,0,,0,,0,,0,0.0,6,0.0,6,network,moving,moving,moving evidence; possible model fixation is an observation,True,p003,False,stop,282,189,31
movement-closure-v1,p003,8,8,conversation:p003:0,p003:turn:8,8,False,3,3,True,34,2,1,0.5,0.3333333333333333,2.9411764705882355,0,0,,,0.0,17,2,0.11764705882352941,0.6842105263157895,5.882352941176471,32,17,0.53125,0.32608695652173914,50.0,142,3,2,0.6666666666666666,0.25,1.408450704225352,6,5,0.8333333333333334,0.07692307692307693,3.5211267605633805,42,5,0.11904761904761904,0.5409836065573771,3.5211267605633805,115,50,0.43478260869565216,0.22272727272727272,35.2112676056338,0.0,1,0.0,1,,0,,0,0.0,2,,0,0.0,17,0.0,6,network,moving,moving,moving evidence; possible model fixation is an observation,True,p003,False,stop,213,144,34
movement-closure-v1,p003,8,8,conversation:p003:0,p003:turn:8,8,False,5,5,True,34,2,1,0.5,0.3333333333333333,2.9411764705882355,0,0,,,0.0,17,1,0.058823529411764705,0.7368421052631579,2.9411764705882355,32,16,0.5,0.3404255319148936,47.05882352941177,142,3,2,0.6666666666666666,0.25,1.408450704225352,6,5,0.8333333333333334,0.07692307692307693,3.5211267605633805,42,5,0.11904761904761904,0.5409836065573771,3.5211267605633805,115,48,0.41739130434782606,0.22272727272727272,33.80281690140845,0.0,1,0.0,1,,0,,0,0.0,1,,0,0.0,16,0.0,6,network,moving,moving,moving evidence; possible model fixation is an observation,True,p003,False,stop,213,144,34
movement-closure-v1,p004,1,1,conversation:p004:0,p004:turn:1,1,False,3,0,False,33,0,,,,,1,,,,,18,,,,,31,,,,,292,6,,,,,6,,,,,111,,,,,284,,,,,,,,,,,,,,,,,,,,,baking,static,static,static open design question; model exploration permitted but not prompted,True,p004,False,stop,453,291,33
movement-closure-v1,p004,1,1,conversation:p004:0,p004:turn:1,1,False,5,0,False,33,0,,,,,1,,,,,18,,,,,31,,,,,292,6,,,,,6,,,,,111,,,,,284,,,,,,,,,,,,,,,,,,,,,baking,static,static,static open design question; model exploration permitted but not prompted,True,p004,False,stop,453,291,33
movement-closure-v1,p004,2,2,conversation:p004:0,p004:turn:2,2,False,3,1,False,32,0,0,,,0.0,3,2,0.6666666666666666,0.3333333333333333,6.25,16,4,0.25,0.5454545454545454,12.5,30,20,0.6666666666666666,0.19607843137254902,62.5,404,12,6,0.5,0.5,1.4851485148514851,9,9,1.0,0.0,2.227722772277228,111,54,0.4864864864864865,0.34545454545454546,13.366336633663366,366,326,0.8907103825136612,0.06557377049180328,80.6930693069307,,0,,,0.0,2,,,0.25,4,,,0.05,20,,,baking,static,static,static open design question; model exploration permitted but not prompted,True,p004,False,stop,651,400,32
movement-closure-v1,p004,2,2,conversation:p004:0,p004:turn:2,2,False,5,1,False,32,0,0,,,0.0,3,2,0.6666666666666666,0.3333333333333333,6.25,16,4,0.25,0.5454545454545454,12.5,30,20,0.6666666666666666,0.19607843137254902,62.5,404,12,6,0.5,0.5,1.4851485148514851,9,9,1.0,0.0,2.227722772277228,111,54,0.4864864864864865,0.34545454545454546,13.366336633663366,366,326,0.8907103825136612,0.06557377049180328,80.6930693069307,,0,,,0.0,2,,,0.25,4,,,0.05,20,,,baking,static,static,static open design question; model exploration permitted but not prompted,True,p004,False,stop,651,400,32
movement-closure-v1,p004,3,3,conversation:p004:0,p004:turn:3,3,False,3,2,False,29,0,0,,,0.0,2,2,1.0,0.0,6.896551724137931,14,3,0.21428571428571427,0.5789473684210527,10.344827586206897,27,10,0.37037037037037035,0.29545454545454547,34.48275862068966,330,12,0,0.0,1.0,0.0,10,10,1.0,0.0,3.0303030303030303,113,34,0.3008849557522124,0.4,10.303030303030303,306,231,0.7549019607843137,0.09803921568627451,70.0,,0,,0,0.0,2,0.0,2,0.6666666666666666,3,0.5,4,0.0,10,0.25,20,baking,static,static,static open design question; model exploration permitted but not prompted,True,p004,False,stop,549,330,29
movement-closure-v1,p004,3,3,conversation:p004:0,p004:turn:3,3,False,5,2,False,29,0,0,,,0.0,2,2,1.0,0.0,6.896551724137931,14,3,0.21428571428571427,0.5789473684210527,10.344827586206897,27,10,0.37037037037037035,0.29545454545454547,34.48275862068966,330,12,0,0.0,1.0,0.0,10,10,1.0,0.0,3.0303030303030303,113,34,0.3008849557522124,0.4,10.303030303030303,306,231,0.7549019607843137,0.09803921568627451,70.0,,0,,0,0.0,2,0.0,2,0.6666666666666666,3,0.5,4,0.0,10,0.25,20,baking,static,static,static open design question; model exploration permitted but not prompted,True,p004,False,stop,549,330,29
movement-closure-v1,p004,4,4,conversation:p004:0,p004:turn:4,4,False,3,3,True,29,0,0,,,0.0,3,3,1.0,0.0,10.344827586206897,14,3,0.21428571428571427,0.5789473684210527,10.344827586206897,26,10,0.38461538461538464,0.4,34.48275862068966,366,11,0,0.0,0.9166666666666666,0.0,13,10,0.7692307692307693,0.09523809523809523,2.73224043715847,114,29,0.2543859649122807,0.43312101910828027,7.923497267759563,343,212,0.6180758017492711,0.13987138263665594,57.923497267759565,,0,,0,0.0,3,0.0,2,0.0,3,0.6666666666666666,3,0.0,10,0.0,10,baking,static,static,static open design question; model exploration permitted but not prompted,True,p004,False,stop,597,369,29
movement-closure-v1,p004,4,4,conversation:p004:0,p004:turn:4,4,False,5,3,False,29,0,0,,,0.0,3,3,1.0,0.0,10.344827586206897,14,3,0.21428571428571427,0.5789473684210527,10.344827586206897,26,10,0.38461538461538464,0.4,34.48275862068966,366,11,0,0.0,0.9166666666666666,0.0,13,10,0.7692307692307693,0.09523809523809523,2.73224043715847,114,29,0.2543859649122807,0.43312101910828027,7.923497267759563,343,212,0.6180758017492711,0.13987138263665594,57.923497267759565,,0,,0,0.0,3,0.0,2,0.0,3,0.6666666666666666,3,0.0,10,0.0,10,baking,static,static,static open design question; model exploration permitted but not prompted,True,p004,False,stop,597,369,29
movement-closure-v1,p004,5,5,conversation:p004:0,p004:turn:5,5,False,3,3,True,26,0,0,,,0.0,3,3,1.0,0.0,11.538461538461538,14,0,0.0,0.7647058823529411,0.0,24,7,0.2916666666666667,0.5151515151515151,26.923076923076923,246,8,0,0.0,0.7272727272727273,0.0,7,1,0.14285714285714285,0.3076923076923077,0.4065040650406504,80,16,0.2,0.4057971014492754,6.504065040650406,227,112,0.4933920704845815,0.18012422360248448,45.52845528455285,,0,,0,0.0,3,0.0,3,,0,0.0,3,0.0,7,0.0,10,baking,static,static,static open design question; model exploration permitted but not prompted,True,p004,False,stop,415,248,26
movement-closure-v1,p004,5,5,conversation:p004:0,p004:turn:5,5,False,5,4,False,26,0,0,,,0.0,3,3,1.0,0.0,11.538461538461538,14,0,0.0,0.7647058823529411,0.0,24,7,0.2916666666666667,0.5151515151515151,26.923076923076923,246,8,0,0.0,0.75,0.0,7,1,0.14285714285714285,0.3076923076923077,0.4065040650406504,80,15,0.1875,0.4057971014492754,6.097560975609756,227,108,0.47577092511013214,0.18012422360248448,43.90243902439025,,0,,0,0.0,3,0.0,3,,0,0.0,3,0.0,7,0.0,10,baking,static,static,static open design question; model exploration permitted but not prompted,True,p004,False,stop,415,248,26
movement-closure-v1,p004,6,6,conversation:p004:0,p004:turn:6,6,False,3,3,True,28,0,0,,,0.0,1,1,1.0,0.0,3.5714285714285716,15,3,0.2,0.6111111111111112,10.714285714285714,26,11,0.4230769230769231,0.42857142857142855,39.285714285714285,263,11,4,0.36363636363636365,0.5833333333333334,1.520912547528517,9,7,0.7777777777777778,0.14285714285714285,2.661596958174905,95,18,0.18947368421052632,0.4344262295081967,6.844106463878327,249,140,0.5622489959839357,0.15815085158150852,53.2319391634981,,0,,0,0.0,1,0.0,3,0.0,3,,0,0.0,11,0.0,7,baking,static,static,static open design question; model exploration permitted but not prompted,True,p004,False,stop,422,263,28
movement-closure-v1,p004,6,6,conversation:p004:0,p004:turn:6,6,False,5,5,True,28,0,0,,,0.0,1,1,1.0,0.0,3.5714285714285716,15,2,0.13333333333333333,0.6111111111111112,7.142857142857143,26,10,0.38461538461538464,0.42857142857142855,35.714285714285715,263,11,4,0.36363636363636365,0.5833333333333334,1.520912547528517,9,7,0.7777777777777778,0.14285714285714285,2.661596958174905,95,13,0.1368421052631579,0.4344262295081967,4.942965779467681,249,127,0.5100401606425703,0.15815085158150852,48.28897338403042,,0,,0,0.0,1,0.0,3,0.0,2,,0,0.0,10,0.0,7,baking,static,static,static open design question; model exploration permitted but not prompted,True,p004,False,stop,422,263,28
movement-closure-v1,p004,7,7,conversation:p004:0,p004:turn:7,7,False,3,3,True,30,0,0,,,0.0,2,2,1.0,0.0,6.666666666666667,16,3,0.1875,0.5789473684210527,10.0,28,13,0.4642857142857143,0.38461538461538464,43.333333333333336,247,7,0,0.0,0.875,0.0,9,7,0.7777777777777778,0.14285714285714285,2.834008097165992,94,14,0.14893617021276595,0.5619834710743802,5.668016194331984,232,96,0.41379310344827586,0.289544235924933,38.8663967611336,,0,,0,0.0,2,0.0,1,0.3333333333333333,3,0.0,3,0.0,13,0.0,11,baking,static,static,static open design question; model exploration permitted but not prompted,True,p004,False,stop,395,247,30
movement-closure-v1,p004,7,7,conversation:p004:0,p004:turn:7,7,False,5,5,True,30,0,0,,,0.0,2,2,1.0,0.0,6.666666666666667,16,2,0.125,0.6666666666666666,6.666666666666667,28,12,0.42857142857142855,0.38461538461538464,40.0,247,7,0,0.0,0.875,0.0,9,7,0.7777777777777778,0.14285714285714285,2.834008097165992,94,10,0.10638297872340426,0.5619834710743802,4.048582995951417,232,83,0.3577586206896552,0.289544235924933,33.60323886639676,,0,,0,0.0,2,0.0,1,0.5,2,0.0,2,0.0,12,0.0,10,baking,static,static,static open design question; model exploration permitted but not prompted,True,p004,False,stop,395,247,30
movement-closure-v1,p004,8,8,conversation:p004:0,p004:turn:8,8,False,3,3,True,27,0,0,,,0.0,2,2,1.0,0.0,7.407407407407407,15,3,0.2,0.6111111111111112,11.11111111111111,25,10,0.4,0.4411764705882353,37.03703703703704,263,11,0,0.0,1.0,0.0,9,3,0.3333333333333333,0.2857142857142857,1.1406844106463878,93,12,0.12903225806451613,0.6548672566371682,4.562737642585551,251,74,0.2948207171314741,0.40816326530612246,28.136882129277566,,0,,0,0.0,2,0.0,2,0.0,3,0.0,3,0.0,10,0.0,13,baking,static,static,static open design question; model exploration permitted but not prompted,True,p004,False,stop,412,261,27
movement-closure-v1,p004,8,8,conversation:p004:0,p004:turn:8,8,False,5,5,True,27,0,0,,,0.0,2,2,1.0,0.0,7.407407407407407,15,3,0.2,0.6111111111111112,11.11111111111111,25,9,0.36,0.4411764705882353,33.333333333333336,263,11,0,0.0,1.0,0.0,9,3,0.3333333333333333,0.2857142857142857,1.1406844106463878,93,7,0.07526881720430108,0.6548672566371682,2.661596958174905,251,56,0.22310756972111553,0.40816326530612246,21.29277566539924,,0,,0,0.0,2,0.0,2,0.0,3,0.0,2,0.0,9,0.0,12,baking,static,static,static open design question; model exploration permitted but not prompted,True,p004,False,stop,412,261,27
