conversation,pattern,turn,arc_id,arc_pivot,arc_age,window,context_activation_total,context_positive_count,context_positive_coverage,context_hhi,history_candidate_count,history_entropy_nats,history_effective_count,history_top_mass,conditioned_hhi,history_context_tv,history_rank_displacement,participant_opening_text_jaccard,participant_recent_participant_text_jaccard,participant_word3_recent_max_jaccard,participant_semantic_coverage,gemma_opening_text_jaccard,gemma_recent_participant_text_jaccard,gemma_word3_recent_max_jaccard,gemma_semantic_coverage
p002,static,1,conversation:p002:0,False,1,3,4941661.0,23,0.015022860875244938,0.07308717654071288,54,3.5127557830002067,33.540571077198265,0.06622538485226773,0.041555187366,0.0050366537869331015,0.013277428371767994,1.0,,,False,0.1095890410958904,,,False
p002,static,1,conversation:p002:0,False,1,5,4941661.0,23,0.015022860875244938,0.07308717654071288,54,3.5127557830002067,33.540571077198265,0.06622538485226773,0.041555187366,0.0050366537869331015,0.013277428371767994,1.0,,,False,0.1095890410958904,,,False
p003,moving,1,conversation:p003:0,False,1,3,4941661.0,23,0.015022860875244938,0.07308717654071288,54,3.5127557830002067,33.540571077198265,0.06622538485226773,0.041555187366,0.0050366537869331015,0.013277428371767994,1.0,,,False,0.11188811188811189,,,False
p003,moving,1,conversation:p003:0,False,1,5,4941661.0,23,0.015022860875244938,0.07308717654071288,54,3.5127557830002067,33.540571077198265,0.06622538485226773,0.041555187366,0.0050366537869331015,0.013277428371767994,1.0,,,False,0.11188811188811189,,,False
p003,moving,2,conversation:p003:0,False,2,3,4250000.0,8,0.005225342913128674,0.18339100346020762,54,3.5127557830002067,33.540571077198265,0.06622538485226773,0.04188438220799999,2.3190116523512383e-05,0.0034940600978336828,0.06382978723404255,0.06382978723404255,0.0,False,0.09848484848484848,0.09848484848484848,0.05091649694501019,False
p003,moving,2,conversation:p003:0,False,2,5,4250000.0,8,0.005225342913128674,0.18339100346020762,54,3.5127557830002067,33.540571077198265,0.06622538485226773,0.04188438220799999,2.3190116523512383e-05,0.0034940600978336828,0.06382978723404255,0.06382978723404255,0.0,False,0.09848484848484848,0.09848484848484848,0.05091649694501019,False
p003,moving,3,conversation:p003:0,False,3,3,2500000.0,4,0.002612671456564337,0.3400000000000001,54,3.5127557830002067,33.540571077198265,0.06622538485226773,0.04188438220799999,2.3190116523512383e-05,0.0034940600978336828,0.08163265306122448,0.4117647058823529,0.38235294117647056,False,0.07575757575757576,0.15827338129496402,0.06971153846153846,False
p003,moving,3,conversation:p003:0,False,3,5,2500000.0,4,0.002612671456564337,0.3400000000000001,54,3.5127557830002067,33.540571077198265,0.06622538485226773,0.04188438220799999,2.3190116523512383e-05,0.0034940600978336828,0.08163265306122448,0.4117647058823529,0.38235294117647056,False,0.07575757575757576,0.15827338129496402,0.06971153846153846,False
p003,moving,4,conversation:p003:0,False,4,3,4125000.0,8,0.005225342913128674,0.19191919191919193,54,3.5127557830002067,33.540571077198265,0.06622538485226773,0.04188438220799999,2.3190116523512383e-05,0.0034940600978336828,0.07692307692307693,0.43636363636363634,0.375,False,0.08181818181818182,0.18333333333333332,0.060109289617486336,False
p003,moving,4,conversation:p003:0,False,4,5,4125000.0,8,0.005225342913128674,0.19191919191919193,54,3.5127557830002067,33.540571077198265,0.06622538485226773,0.04188438220799999,2.3190116523512383e-05,0.0034940600978336828,0.07692307692307693,0.43636363636363634,0.375,False,0.08181818181818182,0.18333333333333332,0.060109289617486336,False
p003,moving,5,conversation:p003:0,False,5,3,3416666.0,8,0.005225342913128674,0.20047596639636234,54,3.5127557830002067,33.540571077198265,0.06622538485226773,0.041491708126,0.009406653786933115,0.006289308176100629,0.057692307692307696,0.6857142857142857,0.43902439024390244,False,0.07627118644067797,0.1592920353982301,0.13142857142857142,False
p003,moving,5,conversation:p003:0,False,5,5,3416666.0,8,0.005225342913128674,0.20047596639636234,54,3.5127557830002067,33.540571077198265,0.06622538485226773,0.041491708126,0.009406653786933115,0.006289308176100629,0.057692307692307696,0.41379310344827586,0.43902439024390244,False,0.07627118644067797,0.16666666666666666,0.13142857142857142,False
p003,moving,6,conversation:p003:0,False,6,3,2625000.0,5,0.0032658393207054214,0.31065759637188206,54,3.5127557830002067,33.540571077198265,0.06622538485226773,0.04188438220799999,2.3190116523512383e-05,0.0034940600978336828,0.05660377358490566,0.7222222222222222,0.5384615384615384,False,0.0673076923076923,0.21875,0.13167259786476868,False
p003,moving,6,conversation:p003:0,False,6,5,2625000.0,5,0.0032658393207054214,0.31065759637188206,54,3.5127557830002067,33.540571077198265,0.06622538485226773,0.04188438220799999,2.3190116523512383e-05,0.0034940600978336828,0.05660377358490566,0.43333333333333335,0.5384615384615384,False,0.0673076923076923,0.20512820512820512,0.13167259786476868,False
p003,moving,7,conversation:p003:0,False,7,3,2625000.0,5,0.0032658393207054214,0.31065759637188206,54,3.5127557830002067,33.540571077198265,0.06622538485226773,0.04188438220799999,2.3190116523512383e-05,0.0034940600978336828,0.05660377358490566,0.7222222222222222,0.6571428571428571,False,0.06,0.15463917525773196,0.15555555555555556,False
p003,moving,7,conversation:p003:0,False,7,5,2625000.0,5,0.0032658393207054214,0.31065759637188206,54,3.5127557830002067,33.540571077198265,0.06622538485226773,0.04188438220799999,2.3190116523512383e-05,0.0034940600978336828,0.05660377358490566,0.6666666666666666,0.6571428571428571,False,0.06,0.17346938775510204,0.15555555555555556,False
p003,moving,8,conversation:p003:0,False,8,3,6041666.0,13,0.008491182233834096,0.12275864169323766,54,3.5127557830002067,33.540571077198265,0.06622538485226773,0.04188438220799999,2.3190116523512383e-05,0.0034940600978336828,0.07547169811320754,0.6,0.32608695652173914,False,0.05747126436781609,0.17857142857142858,0.22477064220183487,False
p003,moving,8,conversation:p003:0,False,8,5,6041666.0,13,0.008491182233834096,0.12275864169323766,54,3.5127557830002067,33.540571077198265,0.06622538485226773,0.04188438220799999,2.3190116523512383e-05,0.0034940600978336828,0.07547169811320754,0.6341463414634146,0.3404255319148936,False,0.05747126436781609,0.18604651162790697,0.22477064220183487,False
p004,static,1,conversation:p004:0,False,1,3,3391665.0,13,0.008491182233834096,0.1326238878060117,54,3.5127557830002067,33.540571077198265,0.06622538485226773,0.041491708126,0.009406653786933115,0.006289308176100629,1.0,,,False,0.1282051282051282,,,False
p004,static,1,conversation:p004:0,False,1,5,3391665.0,13,0.008491182233834096,0.1326238878060117,54,3.5127557830002067,33.540571077198265,0.06622538485226773,0.041491708126,0.009406653786933115,0.006289308176100629,1.0,,,False,0.1282051282051282,,,False
p004,static,2,conversation:p004:0,False,2,3,5391665.0,15,0.009797517962116264,0.12128029781335478,54,3.5127557830002067,33.540571077198265,0.06622538485226773,0.041491708126,0.009406653786933115,0.006289308176100629,0.5405405405405406,0.5405405405405406,0.19607843137254902,True,0.1402439024390244,0.1402439024390244,0.06568144499178982,False
p004,static,2,conversation:p004:0,False,2,5,5391665.0,15,0.009797517962116264,0.12128029781335478,54,3.5127557830002067,33.540571077198265,0.06622538485226773,0.041491708126,0.009406653786933115,0.006289308176100629,0.5405405405405406,0.5405405405405406,0.19607843137254902,True,0.1402439024390244,0.1402439024390244,0.06568144499178982,False
p004,static,3,conversation:p004:0,False,3,3,6324996.0,20,0.013063357282821686,0.09323870764261563,54,3.5127557830002067,33.540571077198265,0.06622538485226773,0.041491708126,0.009406653786933115,0.006289308176100629,0.3902439024390244,0.5238095238095238,0.29545454545454547,False,0.1411042944785276,0.16265060240963855,0.09819967266775777,False
p004,static,3,conversation:p004:0,False,3,5,6324996.0,20,0.013063357282821686,0.09323870764261563,54,3.5127557830002067,33.540571077198265,0.06622538485226773,0.041491708126,0.009406653786933115,0.006289308176100629,0.3902439024390244,0.5238095238095238,0.29545454545454547,False,0.1411042944785276,0.16265060240963855,0.09819967266775777,False
p004,static,4,conversation:p004:0,False,4,3,4391665.0,14,0.009144350097975179,0.13095146853435807,54,3.5127557830002067,33.540571077198265,0.06622538485226773,0.041491708126,0.009406653786933115,0.006289308176100629,0.39473684210526316,0.41304347826086957,0.4,False,0.12727272727272726,0.1511627906976744,0.1403225806451613,False
p004,static,4,conversation:p004:0,False,4,5,4391665.0,14,0.009144350097975179,0.13095146853435807,54,3.5127557830002067,33.540571077198265,0.06622538485226773,0.041491708126,0.009406653786933115,0.006289308176100629,0.39473684210526316,0.41304347826086957,0.4,False,0.12727272727272726,0.1511627906976744,0.1403225806451613,False
p004,static,5,conversation:p004:0,False,5,3,5391665.0,15,0.009797517962116264,0.12128029781335478,54,3.5127557830002067,33.540571077198265,0.06622538485226773,0.041491708126,0.009406653786933115,0.006289308176100629,0.39473684210526316,0.5641025641025641,0.5151515151515151,False,0.13953488372093023,0.14814814814814814,0.18049792531120332,False
p004,static,5,conversation:p004:0,False,5,5,5391665.0,15,0.009797517962116264,0.12128029781335478,54,3.5127557830002067,33.540571077198265,0.06622538485226773,0.041491708126,0.009406653786933115,0.006289308176100629,0.39473684210526316,0.46808510638297873,0.5151515151515151,False,0.13953488372093023,0.15602836879432624,0.18049792531120332,False
p004,static,6,conversation:p004:0,False,6,3,5724998.0,16,0.010450685826257348,0.11095861420924305,54,3.5127557830002067,33.540571077198265,0.06622538485226773,0.041491708126,0.009406653786933115,0.006289308176100629,0.4,0.47619047619047616,0.42857142857142855,False,0.13793103448275862,0.13245033112582782,0.15815085158150852,False
p004,static,6,conversation:p004:0,False,6,5,5724998.0,16,0.010450685826257348,0.11095861420924305,54,3.5127557830002067,33.540571077198265,0.06622538485226773,0.041491708126,0.009406653786933115,0.006289308176100629,0.4,0.43137254901960786,0.42857142857142855,False,0.13793103448275862,0.1592356687898089,0.15815085158150852,False
p004,static,7,conversation:p004:0,False,7,3,5633329.0,22,0.014369693011103853,0.08705498845268098,54,3.5127557830002067,33.540571077198265,0.06622538485226773,0.041290911161999996,0.012395480680399647,0.011530398322851153,0.4,0.5641025641025641,0.38461538461538464,True,0.14492753623188406,0.11643835616438356,0.289544235924933,False
p004,static,7,conversation:p004:0,False,7,5,5633329.0,22,0.014369693011103853,0.08705498845268098,54,3.5127557830002067,33.540571077198265,0.06622538485226773,0.041290911161999996,0.012395480680399647,0.011530398322851153,0.4,0.4791666666666667,0.38461538461538464,True,0.14492753623188406,0.13071895424836602,0.289544235924933,False
p004,static,8,conversation:p004:0,False,8,3,6641664.0,20,0.013063357282821686,0.08732406332761608,54,3.5127557830002067,33.540571077198265,0.06622538485226773,0.041491708126,0.009406653786933115,0.006289308176100629,0.3333333333333333,0.4418604651162791,0.4411764705882353,False,0.15714285714285714,0.12751677852348994,0.39481268011527376,False
p004,static,8,conversation:p004:0,False,8,5,6641664.0,20,0.013063357282821686,0.08732406332761608,54,3.5127557830002067,33.540571077198265,0.06622538485226773,0.041491708126,0.009406653786933115,0.006289308176100629,0.3333333333333333,0.4791666666666667,0.4411764705882353,False,0.15714285714285714,0.14935064935064934,0.39481268011527376,False
